time_ms,depth_m,pa
4594,0.551,101312.7
5410,0.826,104014.0
5818,0.964,105364.7
6430,1.171,107390.7
7042,1.377,109416.7
7450,1.515,110767.3
8062,1.722,112793.3
8674,1.928,114819.3
10306,2.548,120897.3
10714,2.686,122248.0
11326,2.892,124274.0
11938,3.099,126300.0
12958,3.443,129676.7
13570,3.650,131702.7
13978,3.788,133053.3
14590,3.994,135079.3
15202,4.201,137105.3
15610,4.338,138456.0
16222,4.545,140482.0
16834,4.752,142508.0
17242,4.889,143858.7
18466,5.303,147910.7
19486,5.716,151962.7
20098,5.922,153988.7
21118,6.267,157365.3
21730,6.473,159391.3
22138,6.611,160742.0
23362,7.024,164794.0
23770,7.162,166144.7
24382,7.369,168170.7
24994,7.575,170196.7
25402,7.713,171547.3
26014,7.919,173573.3
26626,8.126,175599.3
27034,8.264,176950.0
28054,8.608,180326.7
28666,8.815,182352.7
29278,9.021,184378.7
29890,9.297,187080.0
30298,9.434,188430.7
31930,9.985,193833.3
32542,10.192,195859.3
33154,10.399,197885.3
33562,10.536,199236.0
34378,10.812,201937.3
34786,10.950,203288.0
35602,11.225,205989.3
36010,11.363,207340.0
36622,11.569,209366.0
37846,11.982,213418.0
38458,12.189,215444.0
39682,12.602,219496.0
40294,12.878,222197.3
40906,13.084,224223.3
41314,13.222,225574.0
42130,13.498,228275.3
42538,13.635,229626.0
43150,13.842,231652.0
44374,14.255,235704.0
45598,14.668,239756.0
46210,14.875,241782.0
46618,15.013,243132.7
47434,15.288,245834.0
47842,15.426,247184.7
48658,15.701,249886.0
49066,15.839,251236.7
49882,16.114,253938.0
50290,16.321,255964.0
50902,16.528,257990.0
51514,16.734,260016.0
52126,16.941,262042.0
52738,17.147,264068.0
53146,17.285,265418.7
53962,17.561,268120.0
54370,17.698,269470.7
55186,17.974,272172.0
56410,18.387,276224.0
56818,18.525,277574.7
57430,18.731,279600.7
58042,18.938,281626.7
58654,19.144,283652.7
60490,19.833,290406.0
60898,19.971,291756.7
61714,20.246,294458.0
62942,20.659,298510.0
64190,21.073,302562.0
65414,21.486,306614.0
66434,21.830,309990.7
67046,22.037,312016.7
67658,22.243,314042.7
68270,22.450,316068.7
68882,22.657,318094.7
69494,22.932,320796.0
69902,23.070,322146.7
70718,23.345,324848.0
71126,23.483,326198.7
71942,23.758,328900.0
72350,23.896,330250.7
74186,24.516,336328.7
75410,24.929,340380.7
76022,25.136,342406.7
77246,25.549,346458.7
78470,25.962,350510.7
79490,26.375,354562.7
80102,26.582,356588.7
81938,27.202,362666.7
82550,27.408,364692.7
82958,27.546,366043.3
83774,27.821,368744.7
84182,27.959,370095.3
84998,28.235,372796.7
89078,29.612,386303.3
89486,29.818,388329.3
90302,30.094,391030.7
90710,30.232,392381.3
91526,30.507,395082.7
91934,30.645,396433.3
93158,31.058,400485.3
93770,31.265,402511.3
94382,31.471,404537.3
94994,31.678,406563.3
96218,32.091,410615.3
96830,32.298,412641.3
98054,32.711,416693.3
99074,33.055,420070.0
100910,33.744,426823.3
102134,34.157,430875.3
102746,34.364,432901.3
103358,34.570,434927.3
104582,34.983,438979.3
105806,35.397,443031.3
106214,35.534,444382.0
107438,35.947,448434.0
109274,36.567,454512.0
109886,36.843,457213.3
110294,36.980,458564.0
111110,37.256,461265.3
111518,37.394,462616.0
112334,37.669,465317.3
112742,37.807,466668.0
113354,38.013,468694.0
114578,38.427,472746.0
115190,38.633,474772.0
116414,39.046,478824.0
116822,39.184,480174.7
117638,39.460,482876.0
118046,39.597,484226.7
118862,39.873,486928.0
119270,40.010,488278.7
119882,40.217,490304.7
120494,40.493,493006.0
121718,40.906,497058.0
122330,41.112,499084.0
122942,41.319,501110.0
123350,41.457,502460.7
124803,41.939,507188.0
125415,42.145,509214.0
125823,42.283,510564.7
126639,42.558,513266.0
127047,42.696,514616.7
127863,42.972,517318.0
128271,43.109,518668.7
130107,43.798,525422.0
130719,44.005,527448.0
131943,44.418,531500.0
132351,44.556,532850.6
133167,44.831,535552.0
133575,44.969,536902.7
134391,45.244,539604.0
134799,45.382,540954.6
135411,45.589,542980.6
136023,45.795,545006.6
136635,46.002,547032.6
137247,46.208,549058.6
138471,46.621,553110.7
139695,47.104,557838.0
140103,47.241,559188.6
140919,47.517,561890.0
141327,47.654,563240.6
142143,47.930,565942.0
143163,48.274,569318.7
143775,48.481,571344.6
144387,48.687,573370.6
144999,48.894,575396.6
145407,49.032,576747.3
146223,49.307,579448.6
146631,49.445,580799.4
147447,49.720,583500.7
147855,49.858,584851.4
148671,50.134,587552.6
149079,50.271,588903.4
150303,50.753,593630.6
150915,50.960,595656.7
152139,51.373,599708.7
152751,51.580,601734.6
153163,51.650,602424.1
153775,51.654,602466.6
154183,51.657,602494.9
154591,51.660,602523.1
154999,51.663,602551.4
155407,51.666,602579.8
155815,51.669,602608.0
156223,51.672,602636.3
156631,51.675,602664.6
157039,51.677,602692.8
157447,51.680,602721.1
157855,51.683,602749.4
158263,51.686,602777.6
158671,51.689,602805.9
159079,51.692,602834.2
159487,51.696,602876.6
159895,51.699,602904.9
160303,51.702,602933.1
160915,51.706,602975.5
161527,51.711,603017.9
161731,51.712,603032.0
162139,51.715,603060.1
162547,51.718,603088.4
162955,51.721,603116.6
163363,51.724,603144.9
163771,51.726,603173.1
164179,51.729,603201.2
164587,51.732,603229.5
164995,51.735,603257.6
165403,51.738,603285.9
165811,51.741,603314.0
166219,51.744,603342.2
166627,51.747,603370.4
167035,51.749,603398.5
167443,51.752,603426.6
168055,51.757,603468.9
168463,51.759,603497.0
168871,51.762,603525.1
169279,51.765,603553.2
169687,51.769,603595.4
170095,51.772,603623.4
170503,51.775,603651.6
170707,51.777,603665.6
171115,51.780,603693.6
171523,51.782,603721.7
171931,51.785,603749.8
172339,51.788,603777.8
172747,51.791,603805.8
173155,51.794,603833.8
173563,51.797,603861.8
173971,51.800,603889.9
174379,51.802,603917.8
174787,51.805,603945.8
175195,51.808,603973.8
175603,51.811,604001.6
176011,51.814,604029.6
176419,51.817,604057.5
176827,51.819,604085.4
177235,51.822,604113.3
177643,51.825,604141.2
178051,51.828,604169.0
178459,51.831,604196.9
178867,51.834,604224.8
179275,51.837,604252.5
179683,51.839,604280.4
180091,51.844,604322.0
180499,51.846,604349.8
180907,51.849,604377.6
181315,51.852,604405.4
181723,51.855,604433.1
182131,51.858,604460.8
182539,51.861,604488.4
182947,51.863,604516.1
183355,51.866,604543.8
184375,51.873,604612.9
184783,51.876,604640.5
185191,51.879,604668.1
185599,51.882,604695.6
186007,51.885,604723.2
186415,51.887,604750.8
187231,51.893,604805.8
187435,51.894,604819.5
187843,51.897,604846.9
188251,51.900,604874.4
188659,51.903,604901.8
189067,51.906,604929.2
189475,51.908,604956.6
189883,51.911,604984.0
190291,51.915,605025.0
190699,51.918,605052.3
191107,51.921,605079.6
191515,51.924,605106.9
191923,51.926,605134.1
192331,51.929,605161.4
192739,51.932,605188.6
193147,51.935,605215.8
193555,51.938,605242.9
193963,51.940,605270.1
194371,51.943,605297.2
194779,51.946,605324.4
195187,51.949,605351.4
195595,51.951,605378.5
196207,51.955,605419.0
196411,51.957,605432.5
196819,51.960,605459.5
197227,51.962,605486.5
197635,51.965,605513.4
198043,51.968,605540.3
198451,51.971,605567.2
198859,51.973,605594.1
199267,51.976,605620.9
199675,51.979,605647.8
200083,51.982,605674.5
200491,51.986,605714.7
200899,51.988,605741.4
201307,51.991,605768.1
201715,51.994,605794.8
202123,51.996,605821.4
202531,51.999,605848.1
202939,52.002,605874.6
203347,52.005,605901.2
203755,52.007,605927.8
204163,52.010,605954.2
204571,52.013,605980.8
204979,52.015,606007.2
205387,52.018,606033.7
205795,52.021,606060.1
206203,52.024,606086.4
206611,52.026,606112.8
207019,52.029,606139.1
207427,52.032,606165.4
207835,52.034,606191.6
208243,52.037,606217.9
208651,52.040,606244.1
209059,52.042,606270.2
209467,52.045,606296.4
209875,52.048,606322.5
210283,52.050,606348.6
210691,52.054,606387.6
211099,52.057,606413.6
211507,52.060,606439.6
211915,52.062,606465.5
212323,52.065,606491.4
212731,52.067,606517.3
213139,52.070,606543.1
213547,52.073,606568.9
213955,52.075,606594.8
214363,52.078,606620.5
214771,52.081,606646.2
215179,52.083,606671.9
215587,52.086,606697.6
215995,52.088,606723.1
216403,52.091,606748.8
216811,52.094,606774.2
217219,52.096,606799.8
217627,52.099,606825.2
218035,52.101,606850.6
218443,52.104,606876.1
218851,52.107,606901.5
219259,52.109,606926.8
219667,52.112,606952.1
220075,52.114,606977.4
220483,52.117,607002.6
220891,52.121,607040.4
221095,52.122,607053.0
221503,52.125,607078.1
221911,52.127,607103.2
222319,52.130,607128.2
222727,52.132,607153.2
223135,52.135,607178.2
223543,52.137,607203.1
223951,52.140,607228.0
224359,52.142,607252.9
224767,52.145,607277.8
225175,52.148,607302.6
226195,52.154,607364.4
226603,52.156,607389.0
227011,52.159,607413.6
227419,52.161,607438.2
227827,52.164,607462.8
228235,52.166,607487.2
228643,52.169,607511.8
229051,52.171,607536.1
229459,52.174,607560.5
229867,52.176,607584.8
230275,52.179,607609.1
230887,52.184,607657.6
231295,52.186,607681.8
231703,52.189,607705.9
232111,52.191,607730.0
232519,52.194,607754.1
232927,52.196,607778.1
233335,52.198,607802.1
233743,52.201,607826.0
234151,52.203,607849.9
234559,52.206,607873.7
234967,52.208,607897.5
235375,52.211,607921.2
235783,52.213,607945.0
236191,52.215,607968.6
236599,52.218,607992.2
237007,52.220,608015.9
237415,52.223,608039.4
237823,52.225,608062.9
238231,52.227,608086.4
238639,52.230,608109.8
239047,52.232,608133.1
239455,52.235,608156.4
239863,52.237,608179.7
240271,52.239,608202.9
240679,52.242,608226.1
241087,52.245,608260.9
241495,52.248,608283.9
241903,52.250,608306.9
242311,52.252,608329.9
242719,52.255,608352.8
243127,52.257,608375.7
243535,52.259,608398.6
244147,52.263,608432.8
244555,52.265,608455.4
244963,52.267,608478.1
245371,52.270,608500.8
245779,52.272,608523.3
246187,52.274,608545.8
246595,52.277,608568.4
246799,52.278,608579.6
247207,52.280,608602.0
247615,52.282,608624.3
248023,52.285,608646.6
248431,52.287,608668.9
248839,52.289,608691.1
249247,52.291,608713.3
249655,52.294,608735.4
250063,52.296,608757.5
250471,52.298,608779.5
250879,52.300,608801.5
251287,52.304,608834.4
251695,52.306,608856.2
252103,52.308,608878.0
252511,52.310,608899.8
252919,52.313,608921.4
253327,52.315,608943.1
253735,52.317,608964.7
254143,52.319,608986.2
254551,52.321,609007.8
254959,52.324,609029.1
255367,52.326,609050.5
255775,52.328,609071.9
256183,52.330,609093.1
256591,52.332,609114.4
256999,52.334,609135.6
257407,52.337,609156.7
257815,52.339,609177.8
258223,52.341,609198.8
258631,52.343,609219.8
259039,52.345,609240.7
259447,52.347,609261.6
259855,52.349,609282.4
260263,52.352,609303.1
260671,52.354,609323.8
261079,52.356,609344.5
261487,52.359,609375.3
261895,52.361,609395.9
262303,52.363,609416.3
262711,52.365,609436.8
263119,52.367,609457.1
263527,52.369,609477.4
263935,52.371,609497.6
264343,52.373,609517.8
264751,52.375,609537.9
265159,52.378,609558.0
265567,52.380,609578.0
265975,52.382,609597.9
266383,52.384,609617.9
266791,52.386,609637.8
267199,52.388,609657.5
267607,52.390,609677.2
268015,52.392,609696.9
268423,52.394,609716.5
268831,52.396,609736.1
269239,52.398,609755.6
269647,52.400,609775.0
270055,52.402,609794.5
270463,52.404,609813.8
270871,52.406,609833.1
271279,52.408,609852.2
271483,52.408,609861.9
271891,52.411,609890.5
272299,52.413,609909.6
272707,52.415,609928.6
273115,52.417,609947.5
273523,52.419,609966.4
273931,52.421,609985.2
274339,52.423,610003.9
274747,52.425,610022.6
275155,52.427,610041.2
275563,52.429,610059.9
275971,52.431,610078.4
276379,52.432,610096.8
276787,52.434,610115.2
277195,52.436,610133.6
277603,52.438,610151.8
278011,52.440,610170.0
278419,52.442,610188.2
278827,52.444,610206.2
279235,52.445,610224.3
279643,52.447,610242.2
280051,52.449,610260.2
280459,52.451,610278.1
281071,52.454,610304.7
281275,52.455,610313.6
281683,52.456,610331.2
282091,52.459,610357.6
282499,52.461,610375.1
282907,52.463,610392.5
283315,52.464,610409.9
283723,52.466,610427.2
284131,52.468,610444.5
284539,52.470,610461.8
284947,52.471,610478.9
285355,52.473,610495.9
285763,52.475,610512.9
286171,52.477,610529.9
286579,52.478,610546.8
286987,52.480,610563.6
287395,52.482,610580.3
287803,52.483,610597.0
288211,52.485,610613.6
288619,52.487,610630.2
289027,52.489,610646.8
289435,52.490,610663.1
289843,52.492,610679.5
290251,52.494,610695.8
290659,52.495,610712.1
291067,52.497,610728.2
291475,52.498,610744.4
291883,52.500,610760.4
292291,52.503,610784.4
292699,52.504,610800.2
293107,52.506,610816.0
293515,52.507,610831.8
293923,52.509,610847.5
294331,52.511,610863.1
294739,52.512,610878.6
295147,52.514,610894.1
295555,52.515,610909.6
295963,52.517,610925.0
296167,52.518,610932.6
296575,52.519,610947.9
296983,52.521,610963.1
297391,52.522,610978.1
297799,52.524,610993.2
298207,52.525,611008.2
298615,52.527,611023.1
299023,52.528,611038.0
299431,52.530,611052.8
299839,52.531,611067.5
300247,52.533,611082.2
300655,52.534,611096.8
301063,52.536,611111.2
301471,52.537,611125.8
301879,52.539,611140.1
302287,52.541,611161.5
302695,52.542,611175.8
303103,52.544,611189.9
303511,52.545,611204.0
303919,52.547,611218.0
304327,52.548,611231.9
304735,52.550,611245.8
305347,52.552,611266.5
305755,52.553,611280.2
306163,52.555,611293.8
306571,52.556,611307.4
306979,52.557,611320.9
307387,52.559,611334.2
307795,52.560,611347.6
308203,52.561,611360.9
308611,52.563,611374.1
309019,52.564,611387.2
309427,52.565,611400.3
309835,52.567,611413.3
310243,52.568,611426.2
310651,52.569,611439.1
311059,52.571,611451.9
311467,52.572,611464.6
311875,52.573,611477.2
312079,52.574,611483.6
312487,52.576,611502.4
312895,52.577,611514.8
313303,52.578,611527.1
313711,52.580,611539.4
314119,52.581,611551.6
314527,52.582,611563.9
314935,52.583,611575.9
315343,52.585,611587.9
315751,52.586,611599.8
316159,52.587,611611.8
316567,52.588,611623.5
316975,52.589,611635.2
317383,52.591,611646.9
317791,52.592,611658.4
318199,52.593,611670.0
318607,52.594,611681.4
319015,52.595,611692.8
319423,52.596,611704.0
319831,52.597,611715.2
320239,52.599,611726.4
320647,52.600,611737.5
321055,52.601,611748.5
321463,52.602,611759.4
321871,52.603,611770.2
322279,52.604,611781.0
322687,52.606,611797.1
323095,52.607,611807.6
323503,52.608,611818.2
323911,52.609,611828.6
324319,52.610,611839.0
324727,52.611,611849.3
325135,52.612,611859.6
325543,52.613,611869.8
326767,52.616,611899.8
326971,52.617,611904.7
327379,52.618,611914.5
327787,52.619,611924.2
328195,52.620,611933.9
328603,52.621,611943.5
329011,52.622,611953.0
329419,52.623,611962.5
329827,52.624,611971.9
330235,52.625,611981.2
330643,52.626,611990.4
331051,52.626,611999.5
331459,52.627,612008.6
331867,52.628,612017.6
332275,52.629,612026.6
332683,52.630,612035.4
333091,52.631,612048.6
333499,52.632,612057.2
333907,52.633,612065.9
334315,52.634,612074.4
334723,52.635,612082.8
335131,52.636,612091.1
335539,52.637,612099.5
335947,52.638,612107.7
336355,52.638,612115.8
336763,52.639,612123.9
337171,52.640,612131.8
337579,52.641,612139.8
337987,52.642,612147.6
338395,52.642,612155.3
338803,52.643,612163.0
339211,52.644,612170.6
339619,52.645,612178.1
340027,52.645,612185.6
340435,52.646,612193.0
340843,52.647,612200.2
341251,52.648,612207.5
341659,52.648,612214.6
341863,52.649,612218.2
342271,52.650,612225.2
342679,52.650,612232.2
343291,52.652,612245.9
343699,52.652,612252.6
344107,52.653,612259.2
344515,52.654,612265.9
344923,52.654,612272.3
345331,52.655,612278.8
345739,52.656,612285.1
346147,52.656,612291.4
346555,52.657,612297.6
346963,52.657,612303.6
347371,52.658,612309.7
347779,52.659,612315.7
348187,52.659,612321.5
348595,52.660,612327.4
349003,52.660,612333.1
349411,52.661,612338.8
349819,52.662,612344.3
350227,52.662,612349.8
350635,52.663,612355.2
351043,52.663,612360.5
351451,52.664,612365.9
351655,52.664,612368.4
352063,52.665,612373.6
352471,52.665,612378.6
352879,52.666,612383.6
353287,52.666,612391.0
353695,52.667,612395.8
354103,52.667,612400.5
354511,52.668,612405.1
354919,52.668,612409.7
355327,52.669,612414.1
355735,52.669,612418.6
356143,52.670,612422.9
356551,52.670,612427.1
356959,52.671,612431.3
357367,52.671,612435.4
357775,52.671,612439.5
358183,52.672,612443.4
358591,52.672,612447.2
358999,52.673,612451.0
359407,52.673,612454.8
359815,52.673,612458.4
360223,52.674,612461.9
360631,52.674,612465.4
361039,52.674,612468.8
361447,52.675,612472.1
361855,52.675,612475.2
362263,52.675,612478.5
362671,52.676,612481.5
363079,52.676,612484.5
363487,52.676,612488.9
363895,52.677,612491.6
364303,52.677,612494.4
364711,52.677,612497.0
365119,52.677,612499.6
365527,52.678,612502.1
365935,52.678,612504.5
366343,52.678,612506.8
366751,52.678,612509.1
367159,52.679,612511.2
367567,52.679,612513.3
367975,52.679,612515.2
368383,52.679,612517.2
368791,52.679,612519.1
369199,52.680,612520.9
369607,52.680,612522.6
370015,52.680,612524.2
370423,52.680,612525.8
370831,52.680,612527.2
371239,52.680,612528.6
371647,52.681,612529.9
372055,52.681,612531.1
372463,52.681,612532.2
372667,52.681,612532.8
373075,52.681,612533.9
373483,52.681,612534.8
373891,52.681,612536.1
374299,52.681,612536.8
374707,52.681,612537.5
375115,52.681,612538.1
375523,52.681,612538.6
375931,52.681,612539.0
376339,52.682,612539.4
376747,52.682,612539.6
377155,52.682,612539.9
377563,52.682,612540.0
377971,52.682,612540.0
378379,52.682,612540.0
378787,52.682,612539.9
379195,52.682,612539.6
379603,52.682,612539.4
380011,52.681,612539.0
380419,52.681,612538.6
380827,52.681,612538.1
381235,52.681,612537.5
381643,52.681,612536.8
382051,52.681,612536.1
382459,52.681,612535.2
382867,52.681,612534.3
383275,52.681,612533.4
383683,52.681,612532.2
384091,52.681,612530.5
384499,52.680,612529.2
384907,52.680,612527.9
385315,52.680,612526.5
385723,52.680,612525.0
386131,52.680,612523.4
386539,52.680,612521.8
386947,52.680,612520.0
387355,52.679,612518.2
387559,52.679,612517.2
387967,52.679,612515.2
388375,52.679,612513.3
388783,52.679,612511.2
389191,52.678,612509.1
389599,52.678,612506.8
390007,52.678,612504.5
390415,52.678,612502.1
390823,52.677,612499.6
391231,52.677,612497.0
391639,52.677,612494.4
392047,52.677,612491.6
392455,52.676,612488.9
392863,52.676,612485.9
393271,52.676,612483.0
393679,52.675,612480.0
394087,52.675,612475.2
394495,52.675,612472.1
394903,52.674,612468.8
395311,52.674,612465.4
395719,52.674,612461.9
396127,52.673,612458.4
396535,52.673,612454.8
396943,52.673,612451.0
397351,52.672,612447.2
397759,52.672,612443.4
398167,52.671,612439.5
398575,52.671,612435.4
398983,52.671,612431.3
399391,52.670,612427.1
399799,52.670,612422.9
400207,52.669,612418.6
400615,52.669,612414.1
401023,52.668,612409.7
401431,52.668,612405.1
401839,52.667,612400.5
402655,52.666,612391.0
402859,52.666,612388.6
403267,52.666,612383.6
403675,52.665,612378.6
404083,52.665,612373.6
404491,52.664,612365.9
404899,52.663,612360.5
405307,52.663,612355.2
405715,52.662,612349.8
406123,52.662,612344.3
406531,52.661,612338.8
406939,52.660,612333.1
407347,52.660,612327.4
407755,52.659,612321.5
408163,52.659,612315.7
408571,52.658,612309.7
408979,52.657,612303.6
409387,52.657,612297.6
409795,52.656,612291.4
410203,52.656,612285.1
410611,52.655,612278.8
411019,52.654,612272.3
411427,52.654,612265.9
411835,52.653,612259.2
412243,52.652,612252.6
412651,52.652,612245.9
413059,52.651,612239.1
413467,52.650,612232.2
413875,52.650,612225.2
414283,52.649,612218.2
414691,52.648,612207.5
415099,52.647,612200.2
415507,52.646,612193.0
415915,52.645,612185.6
416323,52.645,612178.1
416731,52.644,612170.6
417139,52.643,612163.0
417547,52.642,612155.3
417955,52.642,612147.6
418363,52.641,612139.8
418771,52.640,612131.8
419179,52.639,612123.9
419587,52.638,612115.8
419995,52.638,612107.7
420403,52.637,612099.5
420811,52.636,612091.1
421219,52.635,612082.8
421627,52.634,612074.4
422035,52.633,612065.9
422443,52.632,612057.2
422851,52.631,612048.6
423259,52.631,612039.8
423667,52.630,612031.0
424075,52.629,612022.1
424483,52.628,612013.1
424891,52.626,611999.5
425299,52.626,611990.4
425707,52.625,611981.2
426115,52.624,611971.9
426523,52.623,611962.5
426931,52.622,611953.0
427339,52.621,611943.5
427747,52.620,611933.9
428155,52.619,611924.2
428563,52.618,611914.5
428971,52.617,611904.7
429379,52.616,611894.8
429787,52.615,611884.8
430195,52.614,611874.8
430603,52.613,611864.6
431011,52.612,611854.4
431419,52.611,611844.2
431827,52.610,611833.9
432235,52.609,611823.4
432643,52.607,611813.0
433051,52.606,611802.4
433255,52.606,611797.1
433663,52.605,611786.4
434071,52.604,611775.6
434479,52.603,611764.9
434887,52.601,611748.5
435295,52.600,611737.5
435703,52.599,611726.4
436111,52.597,611715.2
436519,52.596,611704.0
436927,52.595,611692.8
437335,52.594,611681.4
437743,52.593,611670.0
438151,52.592,611658.4
438559,52.591,611646.9
438967,52.589,611635.2
439375,52.588,611623.5
439783,52.587,611611.8
440191,52.586,611599.8
440599,52.585,611587.9
441007,52.583,611575.9
441415,52.582,611563.9
441823,52.581,611551.6
442231,52.580,611539.4
442639,52.578,611527.1
443047,52.577,611514.8
443455,52.576,611502.4
443863,52.575,611489.9
444271,52.573,611477.2
444679,52.572,611464.6
445087,52.570,611445.5
445495,52.569,611432.7
445903,52.567,611419.8
446311,52.566,611406.9
446719,52.565,611393.8
447127,52.563,611380.8
447535,52.562,611367.5
447943,52.561,611354.2
448147,52.560,611347.6
448555,52.559,611334.2
448963,52.557,611320.9
449371,52.556,611307.4
449779,52.555,611293.8
450187,52.553,611280.2
450595,52.552,611266.5
451003,52.550,611252.7
451411,52.549,611238.9
452023,52.547,611218.0
452431,52.545,611204.0
452839,52.544,611189.9
453247,52.542,611175.8
453655,52.541,611161.5
454063,52.540,611147.2
454471,52.538,611132.9
454879,52.537,611118.5
455287,52.534,611096.8
455695,52.533,611082.2
456103,52.531,611067.5
456511,52.530,611052.8
456919,52.528,611038.0
457327,52.527,611023.1
457735,52.525,611008.2
458143,52.524,610993.2
458347,52.523,610985.7
458755,52.522,610970.6
459163,52.520,610955.4
459571,52.518,610940.2
459979,52.517,610925.0
460387,52.515,610909.6
460795,52.514,610894.1
461203,52.512,610878.6
461611,52.511,610863.1
462019,52.509,610847.5
462427,52.507,610831.8
462835,52.506,610816.0
463243,52.504,610800.2
463651,52.503,610784.4
464059,52.501,610768.4
464467,52.499,610752.4
464875,52.498,610736.4
465283,52.496,610720.1
465691,52.494,610695.8
466099,52.492,610679.5
466507,52.490,610663.1
466915,52.489,610646.8
467323,52.487,610630.2
467731,52.485,610613.6
468139,52.483,610597.0
468547,52.482,610580.3
468955,52.480,610563.6
469363,52.478,610546.8
469771,52.477,610529.9
470179,52.475,610512.9
470587,52.473,610495.9
470995,52.471,610478.9
471403,52.470,610461.8
471811,52.468,610444.5
472219,52.466,610427.2
473035,52.463,610392.5
473239,52.462,610383.9
473647,52.460,610366.4
474055,52.458,610348.8
474463,52.456,610331.2
474871,52.455,610313.6
475279,52.453,610295.8
475687,52.450,610269.1
476299,52.447,610242.3
476707,52.445,610224.3
477115,52.444,610206.2
477523,52.442,610188.2
477931,52.440,610170.0
478339,52.438,610151.8
478747,52.436,610133.6
479155,52.434,610115.2
479563,52.432,610096.8
479971,52.431,610078.4
480379,52.429,610059.9
480787,52.427,610041.2
481195,52.425,610022.6
481603,52.423,610003.9
482011,52.421,609985.2
482827,52.417,609947.5
483033,52.416,609938.1
483441,52.414,609919.1
484053,52.411,609890.5
484461,52.409,609871.5
484869,52.408,609852.2
485277,52.406,609833.1
485685,52.403,609804.1
486093,52.401,609784.8
486501,52.399,609765.3
486909,52.397,609745.9
487317,52.395,609726.3
487725,52.393,609706.8
488133,52.391,609687.1
488541,52.389,609667.4
488745,52.388,609657.5
489153,52.386,609637.8
489561,52.384,609617.9
489969,52.382,609597.9
490377,52.380,609578.0
490785,52.378,609558.0
491193,52.375,609537.9
491601,52.373,609517.8
492009,52.371,609497.6
492417,52.369,609477.4
492825,52.367,609457.1
493233,52.365,609436.8
493641,52.363,609416.3
494049,52.361,609395.9
494457,52.359,609375.3
494865,52.357,609354.8
495273,52.355,609334.1
495681,52.353,609313.5
496701,52.346,609251.1
497109,52.344,609230.2
497517,52.342,609209.2
498333,52.338,609167.2
498537,52.337,609156.7
498945,52.334,609135.6
499353,52.332,609114.4
499761,52.330,609093.1
500169,52.328,609071.9
500577,52.326,609050.5
500985,52.324,609029.1
501393,52.321,609007.8
501801,52.319,608986.2
502209,52.317,608964.7
502617,52.315,608943.1
503025,52.313,608921.4
503433,52.310,608899.8
503841,52.308,608878.0
504249,52.306,608856.2
504657,52.304,608834.4
505065,52.301,608812.5
505473,52.299,608790.5
505881,52.297,608768.5
506289,52.294,608735.4
506697,52.291,608713.3
507105,52.289,608691.1
507513,52.287,608668.9
507921,52.285,608646.6
508329,52.282,608624.3
508737,52.280,608602.0
509145,52.278,608579.6
509553,52.275,608557.1
509961,52.273,608534.6
510369,52.271,608512.0
510777,52.269,608489.4
511185,52.266,608466.8
511593,52.264,608444.1
512001,52.262,608421.3
512409,52.259,608398.6
512613,52.258,608387.1
513021,52.256,608364.2
513633,52.252,608329.9
513837,52.251,608318.4
514245,52.249,608295.4
514857,52.245,608260.9
515265,52.243,608237.8
515673,52.241,608214.5
516081,52.238,608191.4
516489,52.235,608156.4
516897,52.232,608133.1
517305,52.230,608109.8
517713,52.227,608086.4
518121,52.225,608062.9
518529,52.223,608039.4
518937,52.220,608015.9
519345,52.218,607992.2
519753,52.215,607968.6
520161,52.213,607945.0
520569,52.211,607921.2
520977,52.208,607897.5
521385,52.206,607873.7
521793,52.203,607849.9
522201,52.201,607826.0
522813,52.197,607790.1
523221,52.195,607766.1
523833,52.191,607730.0
524241,52.189,607705.9
524649,52.186,607681.8
525057,52.184,607657.6
525465,52.181,607633.4
525873,52.179,607609.1
526281,52.176,607584.8
526689,52.173,607548.2
527097,52.170,607523.9
527505,52.168,607499.4
527913,52.165,607475.0
528321,52.163,607450.5
528729,52.160,607425.9
529137,52.158,607401.4
529545,52.155,607376.7
529953,52.153,607352.0
530361,52.150,607327.3
530769,52.148,607302.6
531177,52.145,607277.8
531585,52.142,607252.9
531993,52.140,607228.1
532401,52.137,607203.1
532809,52.135,607178.2
533217,52.132,607153.2
533625,52.130,607128.2
534033,52.127,607103.2
534441,52.125,607078.1
534849,52.122,607053.0
535257,52.120,607027.8
535665,52.117,607002.6
536073,52.114,606977.4
536481,52.112,606952.1
536889,52.108,606914.1
537297,52.105,606888.8
537705,52.103,606863.4
538113,52.100,606838.0
538521,52.098,606812.5
538929,52.095,606787.0
539337,52.092,606761.5
539745,52.090,606735.9
540153,52.087,606710.4
540561,52.085,606684.7
540969,52.082,606659.0
541377,52.079,606633.4
541785,52.077,606607.6
542193,52.074,606581.9
542601,52.071,606556.1
543009,52.069,606530.2
543417,52.066,606504.4
543825,52.063,606478.5
544233,52.061,606452.6
544641,52.058,606426.6
545049,52.056,606400.6
545457,52.053,606374.6
545865,52.050,606348.6
546885,52.042,606270.2
547089,52.041,606257.1
547497,52.038,606231.0
547905,52.036,606204.8
548313,52.033,606178.5
548721,52.030,606152.2
549129,52.028,606125.9
549537,52.025,606099.6
549945,52.022,606073.2
550353,52.019,606046.9
550761,52.017,606020.4
551169,52.014,605994.0
551577,52.011,605967.6
551985,52.009,605941.1
552393,52.006,605914.5
552801,52.003,605888.0
553209,52.001,605861.4
553617,51.998,605834.8
554025,51.995,605808.1
554433,51.992,605781.5
554841,51.990,605754.8
555249,51.987,605728.0
555657,51.984,605701.4
556065,51.982,605674.5
556473,51.979,605647.8
556881,51.976,605620.9
557289,51.972,605580.6
557697,51.969,605553.8
558105,51.966,605526.9
558513,51.964,605500.0
558921,51.961,605473.0
559329,51.958,605446.0
559737,51.955,605419.0
560145,51.953,605392.0
560553,51.950,605365.0
561165,51.946,605324.4
561573,51.943,605297.2
561981,51.940,605270.1
562389,51.938,605242.9
562797,51.935,605215.8
563205,51.932,605188.6
563613,51.929,605161.4
564021,51.926,605134.1
564429,51.924,605106.9
564837,51.921,605079.6
565245,51.918,605052.3
566061,51.912,604997.7
566265,51.911,604984.0
566673,51.908,604956.6
567081,51.906,604929.2
567489,51.901,604888.1
567897,51.899,604860.7
568305,51.896,604833.2
568713,51.893,604805.8
569121,51.890,604778.2
569529,51.887,604750.8
569937,51.885,604723.2
570345,51.882,604695.6
570753,51.879,604668.1
571161,51.876,604640.5
571569,51.873,604612.9
571977,51.870,604585.2
572385,51.868,604557.6
572793,51.865,604530.0
573201,51.862,604502.4
573609,51.859,604474.6
574017,51.856,604446.9
574425,51.854,604419.2
574833,51.851,604391.5
575445,51.846,604349.8
575853,51.844,604322.0
576261,51.841,604294.2
576669,51.838,604266.5
577077,51.835,604238.6
577485,51.831,604196.9
577893,51.828,604169.0
578301,51.825,604141.2
578709,51.822,604113.3
579117,51.819,604085.4
579525,51.817,604057.5
579933,51.814,604029.6
580341,51.811,604001.6
580749,51.808,603973.8
581157,51.805,603945.8
581361,51.804,603931.8
581769,51.801,603903.8
582177,51.798,603875.9
582585,51.795,603847.8
582993,51.792,603819.8
583401,51.790,603791.8
583809,51.787,603763.8
584217,51.784,603735.8
584625,51.781,603707.7
585033,51.778,603679.6
585441,51.775,603651.6
585849,51.772,603623.4
586257,51.769,603595.4
586665,51.767,603567.2
587073,51.764,603539.1
587481,51.761,603511.1
587889,51.757,603468.9
588297,51.754,603440.8
589317,51.747,603370.4
589725,51.744,603342.2
590133,51.741,603314.0
590541,51.738,603285.9
590949,51.735,603257.6
591357,51.732,603229.5
591765,51.729,603201.2
592173,51.726,603173.1
592581,51.724,603144.8
592989,51.721,603116.6
593397,51.718,603088.4
593805,51.715,603060.1
594213,51.712,603032.0
594621,51.709,603003.8
595029,51.706,602975.5
595437,51.703,602947.2
596049,51.699,602904.9
596457,51.696,602876.6
596865,51.693,602848.4
597273,51.690,602820.1
597681,51.688,602791.8
598089,51.683,602749.4
598497,51.680,602721.1
598905,51.677,602692.8
599313,51.675,602664.6
599721,51.672,602636.3
600129,51.669,602608.0
600537,51.666,602579.8
600945,51.663,602551.4
601353,51.660,602523.1
601761,51.657,602494.9
602169,51.654,602466.6
602577,51.652,602438.3
602985,51.649,602410.0
603597,51.644,602367.6
604005,51.641,602339.2
604413,51.639,602311.0
604821,51.636,602282.8
605229,51.633,602254.4
605637,51.630,602226.1
606045,51.628,602197.9
606453,51.624,602169.6
606861,51.621,602141.2
607269,51.618,602113.0
607677,51.615,602084.8
608085,51.611,602042.3
608493,51.608,602014.1
608901,51.605,601985.8
609309,51.602,601957.5
609717,51.600,601929.2
610125,51.597,601901.0
610533,51.594,601872.8
610941,51.591,601844.5
611349,51.588,601816.2
611757,51.585,601788.1
612165,51.582,601759.8
612573,51.579,601731.6
612981,51.577,601703.4
613389,51.574,601675.1
613797,51.571,601646.9
614205,51.568,601618.8
614613,51.565,601590.5
615021,51.562,601562.4
615429,51.559,601534.1
615837,51.556,601506.0
616245,51.554,601477.8
616653,51.551,601449.6
617061,51.548,601421.5
617469,51.545,601393.4
617877,51.542,601365.2
618285,51.538,601323.0
618693,51.535,601294.9
619101,51.532,601266.8
619509,51.529,601238.6
619917,51.526,601210.6
620325,51.523,601182.5
620733,51.521,601154.4
621141,51.518,601126.4
621549,51.515,601098.2
621957,51.512,601070.2
622365,51.509,601042.2
622773,51.506,601014.2
623181,51.503,600986.1
623589,51.501,600958.2
623997,51.498,600930.2
624405,51.495,600902.2
624813,51.492,600874.2
625221,51.489,600846.2
625629,51.486,600818.4
626037,51.483,600790.4
626445,51.481,600762.5
626853,51.478,600734.6
627261,51.475,600706.7
627669,51.472,600678.8
628077,51.469,600650.9
628485,51.465,600609.2
628893,51.462,600581.4
629301,51.459,600553.5
629709,51.456,600525.8
630117,51.454,600497.9
630525,51.451,600470.1
630933,51.448,600442.4
631341,51.445,600414.6
631749,51.442,600386.9
632157,51.440,600359.2
632565,51.437,600331.5
632973,51.434,600303.9
633381,51.431,600276.2
633789,51.428,600248.5
634197,51.425,600220.9
634605,51.423,600193.3
635013,51.420,600165.8
636033,51.413,600096.8
636441,51.410,600069.2
636849,51.407,600041.8
637257,51.404,600014.2
637665,51.402,599986.8
638073,51.399,599959.4
638889,51.392,599890.8
639093,51.390,599877.1
639501,51.388,599849.7
639909,51.385,599822.4
640317,51.382,599795.0
640725,51.379,599767.7
641133,51.376,599740.4
641541,51.374,599713.1
641949,51.371,599685.8
642357,51.368,599658.6
642765,51.365,599631.4
643173,51.363,599604.2
643581,51.360,599577.0
643989,51.357,599549.9
644397,51.354,599522.8
644805,51.351,599495.6
645213,51.349,599468.6
645825,51.345,599428.0
646233,51.342,599401.0
646641,51.339,599374.0
647049,51.336,599347.0
647457,51.334,599320.1
647865,51.331,599293.1
648273,51.328,599266.2
648681,51.325,599239.3
649089,51.321,599199.1
649497,51.318,599172.2
649905,51.316,599145.4
650313,51.313,599118.7
650721,51.310,599091.9
651129,51.308,599065.2
651537,51.305,599038.5
651945,51.302,599011.9
652353,51.299,598985.2
652761,51.297,598958.6
653373,51.293,598918.8
653781,51.290,598892.2
654189,51.287,598865.8
654597,51.285,598839.2
655005,51.282,598812.8
655413,51.279,598786.3
655821,51.276,598759.9
656229,51.274,598733.6
656637,51.271,598707.2
657045,51.268,598680.9
657453,51.266,598654.6
657861,51.263,598628.4
658269,51.260,598602.1
658677,51.258,598575.9
659085,51.254,598536.7
659493,51.251,598510.6
659901,51.248,598484.5
660513,51.244,598445.4
660921,51.242,598419.4
661329,51.239,598393.4
661737,51.236,598367.4
662145,51.234,598341.5
662553,51.231,598315.6
662961,51.228,598289.8
663369,51.226,598263.9
663777,51.223,598238.1
664185,51.221,598212.4
664593,51.218,598186.6
665001,51.215,598160.9
665409,51.213,598135.2
665817,51.210,598109.6
666225,51.208,598084.1
666633,51.205,598058.5
667041,51.202,598033.0
667449,51.200,598007.5
667857,51.197,597982.0
668265,51.195,597956.6
668673,51.192,597931.2
669081,51.189,597905.9
669489,51.185,597867.9
669897,51.183,597842.6
670305,51.180,597817.4
670713,51.178,597792.2
671121,51.175,597767.0
671529,51.173,597741.9
671937,51.170,597716.8
672345,51.167,597691.8
672753,51.165,597666.8
673161,51.162,597641.8
673569,51.160,597616.9
673977,51.157,597591.9
674385,51.155,597567.1
674793,51.152,597542.2
675201,51.150,597517.4
675609,51.147,597492.7
676017,51.145,597468.0
676425,51.142,597443.3
676833,51.140,597418.6
677241,51.137,597394.1
677649,51.135,597369.5
678057,51.132,597345.0
678465,51.130,597320.5
678873,51.127,597296.1
679281,51.125,597271.7
679689,51.121,597235.1
680097,51.118,597210.9
680505,51.116,597186.6
680913,51.114,597162.4
681321,51.111,597138.2
681729,51.109,597114.1
682137,51.106,597090.0
682545,51.104,597065.9
682953,51.101,597041.9
683361,51.099,597018.0
683769,51.096,596994.0
684177,51.094,596970.1
684585,51.091,596946.2
684993,51.089,596922.5
685401,51.087,596898.8
685809,51.084,596875.0
686217,51.082,596851.4
686625,51.079,596827.8
687033,51.077,596804.1
687441,51.075,596780.6
687849,51.072,596757.1
688257,51.070,596733.6
688665,51.067,596710.2
689073,51.065,596686.9
689481,51.063,596663.6
689889,51.059,596628.6
690297,51.057,596605.5
690705,51.054,596582.2
691113,51.052,596559.2
691521,51.050,596536.1
691929,51.047,596513.1
692337,51.045,596490.1
692745,51.043,596467.2
693153,51.040,596444.2
693561,51.038,596421.5
693969,51.036,596398.7
694377,51.033,596375.9
694785,51.031,596353.2
695193,51.029,596330.6
695601,51.026,596308.0
696009,51.024,596285.4
696417,51.022,596262.9
696825,51.020,596240.4
697233,51.017,596218.0
697641,51.015,596195.6
698049,51.013,596173.4
698457,51.010,596151.1
698865,51.008,596128.9
699273,51.006,596106.7
699681,51.004,596084.6
700089,51.000,596051.5
700497,50.998,596029.5
700905,50.996,596007.5
701313,50.994,595985.6
701721,50.991,595963.8
702129,50.989,595942.0
702537,50.987,595920.2
702945,50.985,595898.6
703353,50.982,595876.9
703761,50.980,595855.3
704169,50.978,595833.8
704577,50.976,595812.3
704985,50.974,595790.9
705393,50.971,595769.5
705801,50.969,595748.1
706209,50.967,595726.9
706617,50.965,595705.6
707025,50.963,595684.4
707433,50.961,595663.3
707841,50.959,595642.2
708249,50.956,595621.2
708657,50.954,595600.2
709065,50.952,595579.3
709473,50.950,595558.5
709881,50.948,595537.6
710289,50.945,595506.5
710697,50.943,595485.9
711105,50.940,595465.2
711513,50.938,595444.7
711921,50.936,595424.1
712329,50.934,595403.7
712737,50.932,595383.3
713145,50.930,595362.9
713553,50.928,595342.6
713961,50.926,595322.4
714369,50.924,595302.2
714777,50.922,595282.1
715185,50.920,595262.0
715593,50.918,595242.0
716001,50.916,595222.1
716409,50.914,595202.1
716817,50.912,595182.3
717225,50.910,595162.5
717633,50.908,595142.8
718041,50.906,595123.1
718449,50.904,595103.5
718857,50.902,595083.9
719265,50.900,595064.4
719673,50.898,595044.9
720081,50.896,595025.6
720489,50.893,594996.6
720897,50.891,594977.3
721305,50.889,594958.1
721713,50.887,594939.0
722121,50.885,594919.9
722529,50.883,594900.9
722937,50.881,594881.9
723345,50.879,594863.0
723753,50.877,594844.2
724161,50.875,594825.4
724569,50.873,594806.8
724977,50.871,594788.0
725385,50.870,594769.4
725793,50.868,594750.9
726201,50.866,594732.4
726609,50.864,594714.0
727017,50.862,594695.6
727425,50.860,594677.3
727833,50.858,594659.1
728241,50.856,594640.9
728649,50.855,594622.8
729057,50.853,594604.8
729465,50.851,594586.7
729873,50.849,594568.8
730281,50.847,594550.9
730689,50.844,594524.1
731097,50.843,594506.4
731505,50.841,594488.8
731913,50.839,594471.2
732321,50.837,594453.6
732729,50.836,594436.1
733137,50.834,594418.8
733545,50.832,594401.4
733953,50.830,594384.1
734361,50.828,594366.9
734769,50.827,594349.7
735177,50.825,594332.6
735585,50.823,594315.6
735993,50.821,594298.6
736401,50.820,594281.7
736809,50.818,594264.9
737217,50.816,594248.1
737625,50.815,594231.3
738033,50.813,594214.6
738441,50.811,594198.1
738849,50.810,594181.5
739257,50.808,594165.1
739665,50.806,594148.6
740073,50.805,594132.4
740481,50.803,594116.1
740889,50.800,594091.8
741297,50.799,594075.6
741705,50.797,594059.6
742113,50.795,594043.6
742521,50.794,594027.7
742929,50.792,594011.9
743337,50.791,593996.1
743745,50.789,593980.4
744153,50.787,593964.7
744561,50.786,593949.1
744969,50.784,593933.6
745377,50.783,593918.1
745785,50.781,593902.8
746193,50.780,593887.4
746601,50.778,593872.1
747009,50.776,593857.0
747417,50.775,593841.9
747621,50.774,593834.3
748641,50.770,593796.9
748845,50.770,593789.4
749253,50.768,593774.6
749661,50.767,593759.9
750069,50.765,593745.1
750477,50.764,593730.5
750885,50.761,593708.8
751293,50.760,593694.2
751701,50.758,593679.9
752109,50.757,593665.6
752517,50.755,593651.4
752925,50.754,593637.1
753333,50.753,593623.1
753741,50.751,593609.0
754761,50.748,593574.2
755169,50.746,593560.4
755577,50.745,593546.7
755985,50.743,593533.0
756393,50.742,593519.4
756801,50.741,593505.9
757209,50.739,593492.4
757617,50.738,593479.1
758025,50.737,593465.8
758433,50.735,593452.5
758841,50.734,593439.3
759249,50.733,593426.2
759657,50.731,593413.2
760065,50.730,593400.2
760473,50.729,593387.3
760881,50.727,593374.5
761289,50.725,593355.4
762105,50.723,593330.1
762513,50.721,593317.6
762717,50.721,593311.4
763737,50.718,593280.6
763941,50.717,593274.4
764349,50.716,593262.2
764757,50.715,593250.1
765165,50.713,593238.1
765573,50.712,593226.1
765981,50.711,593214.2
766389,50.710,593202.4
766797,50.709,593190.6
767205,50.707,593178.9
767613,50.706,593167.3
768021,50.705,593155.8
768633,50.703,593138.6
769449,50.701,593116.0
769857,50.700,593104.8
770061,50.699,593099.1
770469,50.698,593088.0
770877,50.697,593077.0
771285,50.695,593060.6
771693,50.694,593049.8
772101,50.693,593039.0
772509,50.692,593028.2
772917,50.691,593017.6
773325,50.690,593007.1
773733,50.689,592996.6
774141,50.688,592986.2
774549,50.687,592975.8
774957,50.686,592965.6
775365,50.685,592955.4
775773,50.683,592945.2
776181,50.682,592935.2
776589,50.681,592925.2
776997,50.680,592915.3
777405,50.679,592905.5
777813,50.678,592895.8
778221,50.677,592886.1
778629,50.676,592876.5
779037,50.676,592867.0
779445,50.675,592857.5
779853,50.674,592848.1
780261,50.673,592838.8
780669,50.672,592829.6
781077,50.671,592820.4
781485,50.669,592806.9
781893,50.668,592797.9
782301,50.668,592789.0
782709,50.667,592780.2
783117,50.666,592771.4
784137,50.664,592749.9
784545,50.663,592741.4
784749,50.662,592737.2
785157,50.661,592728.9
785565,50.661,592720.6
785973,50.660,592712.4
786381,50.659,592704.2
786789,50.658,592696.1
787197,50.657,592688.2
787605,50.656,592680.2
788013,50.656,592672.4
788421,50.655,592664.6
788829,50.654,592657.0
789237,50.653,592649.4
789645,50.653,592641.9
790053,50.652,592634.4
790461,50.651,592627.0
790869,50.650,592619.8
791889,50.648,592598.2
792297,50.647,592591.2
792705,50.647,592584.3
793113,50.646,592577.5
793521,50.645,592570.8
793929,50.645,592564.0
794337,50.644,592557.4
794745,50.643,592550.9
795153,50.643,592544.4
795561,50.642,592538.0
795969,50.641,592531.8
796377,50.641,592525.5
796785,50.640,592519.4
797193,50.639,592513.2
797601,50.639,592507.2
798009,50.638,592501.4
798417,50.638,592495.5
798825,50.637,592489.8
799233,50.636,592484.1
799641,50.636,592478.4
800049,50.635,592472.9
800457,50.635,592467.5
800865,50.634,592462.1
801273,50.634,592456.8
801681,50.633,592451.6
802089,50.632,592443.9
802497,50.632,592438.9
802905,50.631,592433.9
803109,50.631,592431.4
804129,50.630,592419.5
804537,50.629,592414.9
805149,50.629,592408.0
805557,50.628,592403.6
805965,50.628,592399.2
806373,50.627,592395.0
806781,50.627,592390.8
807189,50.627,592386.6
807597,50.626,592382.6
808005,50.626,592378.6
808413,50.625,592374.7
808821,50.625,592370.9
809229,50.625,592367.1
809637,50.624,592363.5
810045,50.624,592359.9
810453,50.623,592356.4
810861,50.623,592352.9
811269,50.623,592349.6
811677,50.622,592346.4
812085,50.622,592341.6
812493,50.622,592338.5
812901,50.621,592335.5
813312,50.621,592332.6
813720,50.621,592329.8
814128,50.620,592327.0
814536,50.620,592324.3
814944,50.620,592321.7
815352,50.620,592319.1
815760,50.619,592316.8
816168,50.619,592314.4
816576,50.619,592312.1
816984,50.619,592309.9
817392,50.618,592307.8
817800,50.618,592305.6
818208,50.618,592303.8
818616,50.618,592301.8
819024,50.618,592300.0
819432,50.618,592298.2
819840,50.617,592296.6
820248,50.617,592295.0
820656,50.617,592293.5
821064,50.617,592292.1
821472,50.617,592290.8
821880,50.617,592289.5
822288,50.616,592287.8
822696,50.616,592286.7
823104,50.616,592285.7
823512,50.616,592284.8
823920,50.616,592283.9
824328,50.616,592283.2
824736,50.616,592282.5
825144,50.616,592281.9
825552,50.616,592281.4
825960,50.616,592281.0
826368,50.616,592280.6
826776,50.616,592280.4
827184,50.616,592280.1
827592,50.616,592280.0
828000,50.616,592280.0
828408,50.616,592280.0
829224,50.616,592280.4
829632,50.616,592280.6
830040,50.616,592281.0
830448,50.616,592281.4
831264,50.616,592282.5
831672,50.616,592283.2
831876,50.616,592283.6
832284,50.616,592284.4
832692,50.616,592285.7
833100,50.616,592286.7
833508,50.616,592287.8
833916,50.617,592288.9
834324,50.617,592290.1
834732,50.617,592291.4
835140,50.617,592292.8
835548,50.617,592294.2
835956,50.617,592295.8
836364,50.617,592297.4
836772,50.618,592299.1
837180,50.618,592300.9
837588,50.618,592302.8
837996,50.618,592304.7
838404,50.618,592306.7
838812,50.619,592308.8
839220,50.619,592311.0
839628,50.619,592313.2
840036,50.619,592315.5
840444,50.620,592317.9
840852,50.620,592320.4
841260,50.620,592323.0
841668,50.620,592325.6
842076,50.621,592328.4
842484,50.621,592331.1
842892,50.621,592335.5
843912,50.622,592343.1
844320,50.622,592346.4
845136,50.623,592352.9
845544,50.623,592356.4
845952,50.624,592359.9
846360,50.624,592363.5
846564,50.624,592365.2
846972,50.625,592369.0
847380,50.625,592372.8
847788,50.626,592376.6
848196,50.626,592380.6
848604,50.626,592384.6
849012,50.627,592388.6
849420,50.627,592392.9
849828,50.628,592397.1
850236,50.628,592401.4
850644,50.628,592405.9
851052,50.629,592410.3
851460,50.629,592414.9
851868,50.630,592419.5
852276,50.630,592424.2
852684,50.631,592429.0
853092,50.632,592436.4
853500,50.632,592441.4
853908,50.633,592446.4
854316,50.633,592451.6
854724,50.634,592456.8
855132,50.634,592462.1
855540,50.635,592467.5
855948,50.635,592472.9
856356,50.636,592478.4
856764,50.636,592484.1
857172,50.637,592489.8
857580,50.638,592495.5
857988,50.638,592501.4
858396,50.639,592507.2
858804,50.639,592513.2
859212,50.640,592519.4
859620,50.641,592525.5
860028,50.641,592531.8
860436,50.642,592538.0
860844,50.643,592544.4
861252,50.643,592550.9
861660,50.644,592557.4
862068,50.645,592564.0
862476,50.645,592570.8
862884,50.646,592577.5
863292,50.647,592587.8
863700,50.648,592594.8
864108,50.648,592601.8
864516,50.649,592608.9
864924,50.650,592616.1
865536,50.651,592627.0
865944,50.652,592634.4
866352,50.653,592641.9
866760,50.653,592649.4
866964,50.654,592653.1
867372,50.654,592660.8
867780,50.655,592668.5
868188,50.656,592676.4
868596,50.657,592684.2
869004,50.658,592692.1
869412,50.658,592700.2
869820,50.659,592708.2
870228,50.660,592716.5
870636,50.661,592724.8
871044,50.662,592733.0
871452,50.663,592741.4
871860,50.664,592749.9
872268,50.664,592758.5
872676,50.665,592767.1
873084,50.666,592775.8
873492,50.668,592789.0
873900,50.668,592797.9
874308,50.669,592806.9
874716,50.670,592815.9
875124,50.671,592825.0
875532,50.672,592834.2
875940,50.673,592843.5
876348,50.674,592852.8
876756,50.675,592862.2
877164,50.676,592871.7
877572,50.677,592881.2
877980,50.678,592890.9
878388,50.679,592900.6
878796,50.680,592910.4
879204,50.681,592920.2
879612,50.682,592930.2
880020,50.683,592940.2
880428,50.684,592950.3
880836,50.685,592960.5
881244,50.686,592970.7
881652,50.687,592981.0
882060,50.688,592991.4
882468,50.689,593001.8
882876,50.690,593012.4
883284,50.691,593022.9
883692,50.693,593039.0
884100,50.694,593049.8
884508,50.695,593060.6
884916,50.696,593071.5
885324,50.697,593082.5
885732,50.699,593093.6
886140,50.700,593104.8
886548,50.701,593116.0
886956,50.702,593127.2
887364,50.703,593138.6
887772,50.704,593150.1
888180,50.706,593161.6
888588,50.707,593173.1
888996,50.708,593184.8
889404,50.709,593196.5
889812,50.710,593208.2
890220,50.712,593220.1
890628,50.713,593232.1
891036,50.714,593244.1
891444,50.715,593256.2
891852,50.716,593268.4
892260,50.718,593280.6
892668,50.719,593292.9
893076,50.720,593305.2
893484,50.721,593317.6
893688,50.723,593330.1
894096,50.724,593342.8
894504,50.725,593355.4
894912,50.727,593368.1
895320,50.728,593380.9
895728,50.729,593393.8
896136,50.731,593406.7
896544,50.732,593419.7
896952,50.733,593432.8
897360,50.735,593445.9
897768,50.736,593459.1
898176,50.737,593472.4
898584,50.739,593485.8
898992,50.740,593499.1
899400,50.741,593512.6
899808,50.743,593526.2
900216,50.744,593539.8
900624,50.746,593553.5
901032,50.747,593567.3
901440,50.748,593581.1
901848,50.750,593595.0
902256,50.751,593609.0
902868,50.753,593630.1
903276,50.755,593644.2
903684,50.756,593658.4
904092,50.758,593679.9
904500,50.760,593694.2
904908,50.761,593708.8
905316,50.763,593723.2
905724,50.764,593737.9
906132,50.766,593752.5
906540,50.767,593767.2
906948,50.769,593782.0
907356,50.770,593796.9
907764,50.772,593811.8
908172,50.773,593826.8
908580,50.775,593841.9
908988,50.776,593857.0
909396,50.778,593872.1
909804,50.780,593887.4
910212,50.781,593902.8
910620,50.783,593918.1
911028,50.784,593933.6
911436,50.786,593949.1
911844,50.787,593964.7
912252,50.789,593980.4
912660,50.791,593996.1
913068,50.792,594011.9
913476,50.794,594027.7
913884,50.795,594043.6
914292,50.798,594067.6
914700,50.800,594083.7
915108,50.801,594099.9
915516,50.803,594116.1
915924,50.805,594132.4
916332,50.806,594148.6
916740,50.808,594165.1
917148,50.810,594181.5
917556,50.811,594198.1
917964,50.813,594214.6
918372,50.815,594231.3
918780,50.816,594248.1
919188,50.818,594264.9
919596,50.820,594281.7
920004,50.821,594298.6
920412,50.823,594315.6
920820,50.825,594332.6
921228,50.827,594349.7
921636,50.828,594366.9
922044,50.830,594384.1
922452,50.832,594401.4
922860,50.834,594418.8
923268,50.836,594436.1
923676,50.837,594453.6
924084,50.839,594471.2
924492,50.842,594497.6
924900,50.844,594515.3
925104,50.844,594524.1
925512,50.846,594542.0
925920,50.848,594559.8
926532,50.851,594586.7
927144,50.854,594613.8
927552,50.855,594631.8
927960,50.857,594650.0
928572,50.860,594677.3
928980,50.862,594695.6
929388,50.864,594714.0
929796,50.866,594732.4
930204,50.868,594750.9
930612,50.870,594769.4
931020,50.871,594788.0
931428,50.873,594806.8
931836,50.875,594825.4
932244,50.877,594844.2
932652,50.879,594863.0
933060,50.881,594881.9
933468,50.883,594900.9
933876,50.885,594919.9
934284,50.887,594939.0
934692,50.890,594967.8
935100,50.892,594986.9
935508,50.894,595006.2
935916,50.896,595025.6
936324,50.898,595044.9
936732,50.900,595064.4
937140,50.902,595083.9
937548,50.904,595103.5
937956,50.906,595123.1
938364,50.908,595142.8
938772,50.910,595162.5
939180,50.912,595182.3
939588,50.914,595202.1
939996,50.916,595222.1
940404,50.918,595242.0
940812,50.920,595262.0
941220,50.922,595282.1
941628,50.924,595302.2
942036,50.926,595322.4
942444,50.928,595342.6
942852,50.930,595363.0
943260,50.932,595383.3
943668,50.934,595403.7
944076,50.936,595424.1
944484,50.938,595444.7
944892,50.941,595475.5
945300,50.944,595496.2
945708,50.946,595516.9
946116,50.948,595537.6
946524,50.950,595558.5
947136,50.953,595589.8
947544,50.955,595610.8
947952,50.957,595631.8
948360,50.960,595652.8
948768,50.962,595673.9
949176,50.964,595695.0
949584,50.966,595716.2
949992,50.968,595737.5
950400,50.970,595758.8
950808,50.973,595780.1
951012,50.974,595790.9
952032,50.979,595844.5
952440,50.981,595866.1
952848,50.984,595887.8
953256,50.986,595909.4
953664,50.988,595931.1
954072,50.990,595952.9
954480,50.992,595974.8
954888,50.996,596007.5
955296,50.998,596029.5
955500,50.999,596040.5
955908,51.001,596062.5
956316,51.004,596084.6
956724,51.006,596106.7
957336,51.009,596140.0
957744,51.012,596162.2
958152,51.014,596184.5
958356,51.015,596195.6
958764,51.017,596218.0
959172,51.020,596240.4
959580,51.022,596262.9
959988,51.024,596285.4
960396,51.026,596308.0
960804,51.029,596330.6
961212,51.031,596353.2
961620,51.033,596375.9
962232,51.037,596410.1
962640,51.039,596432.9
962844,51.040,596444.2
963252,51.043,596467.2
963660,51.045,596490.1
964272,51.048,596524.6
964680,51.051,596547.6
965088,51.054,596582.2
965496,51.057,596605.5
965904,51.059,596628.6
966312,51.061,596651.9
966720,51.064,596675.2
967128,51.066,596698.6
967536,51.069,596721.9
967944,51.071,596745.4
968352,51.073,596768.9
968760,51.076,596792.4
969168,51.078,596815.9
969576,51.081,596839.5
969984,51.083,596863.2
970392,51.085,596886.9
970800,51.088,596910.6
971208,51.090,596934.4
971616,51.093,596958.2
972024,51.095,596982.1
972432,51.098,597006.0
972840,51.100,597029.9
973248,51.102,597053.9
973656,51.105,597077.9
974064,51.107,597102.0
974472,51.110,597126.1
974880,51.112,597150.2
975288,51.116,597186.6
975696,51.118,597210.9
976104,51.121,597235.2
976512,51.123,597259.5
976920,51.126,597283.9
977328,51.128,597308.2
977736,51.131,597332.8
978144,51.133,597357.2
978552,51.136,597381.8
978960,51.138,597406.4
979368,51.141,597431.0
979776,51.143,597455.6
980184,51.146,597480.4
980592,51.148,597505.1
981000,51.151,597529.8
981612,51.155,597567.1
982020,51.157,597591.9
982428,51.160,597616.9
982836,51.162,597641.8
983244,51.165,597666.8
983652,51.167,597691.8
984060,51.170,597716.8
984468,51.173,597741.9
984876,51.175,597767.0
985692,51.182,597830.0
985896,51.183,597842.6
986304,51.185,597867.9
986712,51.188,597893.2
987120,51.191,597918.5
987732,51.195,597956.6
988548,51.200,598007.5
988752,51.201,598020.2
989160,51.204,598045.8
989568,51.206,598071.2
989976,51.209,598096.9
990384,51.211,598122.5
990792,51.214,598148.1
991200,51.217,598173.8
991608,51.219,598199.5
992016,51.222,598225.2
992424,51.225,598251.0
992832,51.227,598276.9
993240,51.230,598302.7
993648,51.232,598328.6
994056,51.235,598354.5
994464,51.238,598380.4
994872,51.240,598406.4
995280,51.243,598432.4
995688,51.247,598471.4
996096,51.250,598497.5
996504,51.252,598523.6
997116,51.256,598562.9
997524,51.259,598589.0
997932,51.262,598615.2
998340,51.264,598641.5
998748,51.267,598667.8
999156,51.270,598694.1
999564,51.272,598720.4
999972,51.275,598746.8
1000380,51.278,598773.1
1000788,51.280,598799.6
1001196,51.283,598826.0
1001604,51.286,598852.5
1002012,51.289,598879.0
1002420,51.291,598905.5
1002828,51.294,598932.1
1003236,51.297,598958.6
1003644,51.299,598985.2
1004052,51.302,599011.9
1004460,51.305,599038.5
1004868,51.308,599065.2
1005276,51.310,599091.9
1005684,51.313,599118.7
1006092,51.317,599158.9
1006500,51.320,599185.6
1006908,51.323,599212.5
1007316,51.325,599239.3
1007724,51.328,599266.2
1008132,51.331,599293.1
1008540,51.334,599320.1
1008948,51.336,599347.0
1009356,51.339,599374.0
1009764,51.342,599401.0
1010172,51.345,599428.0
1010580,51.347,599455.0
1010784,51.349,599468.6
1011192,51.351,599495.6
1011804,51.356,599536.3
1012212,51.358,599563.5
1012620,51.361,599590.6
1013028,51.364,599617.8
1013436,51.367,599645.0
1013844,51.369,599672.2
1014252,51.372,599699.5
1014660,51.375,599726.8
1015068,51.378,599754.0
1015476,51.381,599781.4
1015884,51.383,599808.6
1016292,51.388,599849.7
1016700,51.390,599877.1
1017108,51.393,599904.5
1017516,51.396,599931.9
1017924,51.399,599959.4
1018332,51.402,599986.8
1018740,51.404,600014.2
1019148,51.407,600041.8
1019556,51.410,600069.2
1019964,51.413,600096.8
1020372,51.416,600124.4
1020780,51.418,600151.9
1021188,51.421,600179.5
1021596,51.424,600207.1
1022004,51.427,600234.8
1022412,51.430,600262.4
1022820,51.432,600290.0
1023228,51.435,600317.7
1023636,51.438,600345.4
1024044,51.441,600373.1
1024452,51.444,600400.8
1024860,51.447,600428.5
1025268,51.449,600456.2
1025880,51.454,600497.9
1026288,51.458,600539.6
1026696,51.461,600567.4
1027104,51.464,600595.2
1027512,51.466,600623.1
1027920,51.469,600650.9
1028328,51.472,600678.8
1028736,51.475,600706.7
1029144,51.478,600734.6
1029552,51.481,600762.5
1029960,51.483,600790.4
1030368,51.486,600818.4
1030776,51.489,600846.2
1031184,51.492,600874.2
1031592,51.495,600902.2
1032000,51.498,600930.2
1032408,51.501,600958.2
1032816,51.503,600986.1
1033224,51.506,601014.2
1033632,51.509,601042.2
1034040,51.512,601070.2
1034448,51.515,601098.2
1034856,51.518,601126.4
1035264,51.521,601154.4
1035672,51.523,601182.5
1036080,51.526,601210.6
1036488,51.531,601252.8
1036896,51.533,601280.8
1037304,51.536,601308.9
1037712,51.539,601337.1
1038120,51.542,601365.2
1038528,51.545,601393.4
1038936,51.548,601421.5
1039344,51.551,601449.6
1039752,51.554,601477.8
1040160,51.556,601506.0
1040568,51.559,601534.1
1040976,51.562,601562.4
1041384,51.565,601590.5
1041792,51.568,601618.8
1042200,51.571,601647.0
1042608,51.574,601675.1
1043016,51.577,601703.4
1043424,51.579,601731.6
1043832,51.582,601759.9
1044240,51.585,601788.1
1044648,51.588,601816.2
1045056,51.591,601844.5
1045464,51.594,601872.8
1045872,51.597,601901.0
1046280,51.600,601929.2
1046688,51.604,601971.7
1047096,51.607,601999.9
1047504,51.610,602028.2
1047912,51.613,602056.5
1048320,51.615,602084.8
1048728,51.618,602113.0
1049136,51.621,602141.3
1049544,51.624,602169.6
1049952,51.627,602197.9
1050360,51.630,602226.1
1050768,51.633,602254.4
1051176,51.636,602282.8
1051584,51.639,602311.0
1051992,51.641,602339.2
1052400,51.644,602367.6
1052808,51.647,602395.9
1053624,51.521,601161.3
1054236,51.400,599971.2
1056480,50.944,595500.2
1056888,50.820,594280.9
1057704,50.654,592655.1
1058112,50.571,591842.1
1058520,50.488,591029.2
1059336,50.309,589277.2
1059744,50.226,588456.4
1060560,50.058,586814.9
1060968,49.975,585994.1
1061988,49.765,583942.1
1063212,49.514,581479.7
1063620,49.431,580658.9
1064232,49.282,579202.6
1064844,49.155,577959.4
1065456,49.029,576716.1
1066068,48.902,575472.8
1066476,48.817,574644.0
1067088,48.648,572986.3
1067496,48.564,572157.5
1067904,48.479,571328.7
1068720,48.310,569671.0
1069332,48.145,568053.9
1069944,48.017,566796.9
1070352,47.932,565959.0
1071168,47.761,564283.1
1071576,47.675,563445.1
1071984,47.590,562607.2
1072800,47.419,560931.3
1073208,47.334,560093.3
1074432,47.021,557030.3
1074840,46.935,556182.1
1075452,46.805,554909.8
1075860,46.718,554061.6
1076472,46.589,552789.2
1077696,46.286,549820.4
1078920,46.027,547275.8
1080144,45.687,543949.9
1080756,45.556,542660.4
1081368,45.424,541370.8
1081776,45.337,540511.1
1082592,45.161,538791.7
1083000,45.074,537932.0
1083408,44.986,537072.3
1084250,44.811,535352.9
1084862,44.575,533045.6
1085474,44.442,531736.8
1085882,44.353,530864.3
1086290,44.220,529555.5
1087106,44.042,527810.5
1087514,43.953,526938.0
1087922,43.864,526065.5
1088738,43.686,524320.5
1089146,43.597,523448.0
1089962,43.285,520387.6
1090370,43.194,519500.9
1091186,43.013,517727.4
1092206,42.787,515510.6
1092818,42.652,514180.5
1093226,42.561,513293.8
1093838,42.426,511963.7
1094450,42.290,510633.6
1095674,41.836,506181.0
1096898,41.514,503018.6
1097306,41.421,502115.0
1098122,41.237,500307.9
1099142,41.007,498049.0
1099754,40.633,494387.1
1100162,40.539,493463.8
1100978,40.351,491617.3
1101386,40.257,490694.0
1101794,40.163,489770.8
1102610,39.974,487924.2
1103018,39.880,487000.9
1103630,39.739,485616.0
1104242,39.598,484231.1
1105058,39.090,479249.6
1105466,38.993,478302.2
1106078,38.848,476881.1
1106690,38.655,474986.3
1107914,38.365,472144.2
1108526,38.220,470723.1
1109138,38.075,469302.0
1109546,37.979,468354.6
1110362,37.341,462096.8
1110770,37.241,461119.1
1111586,37.042,459163.4
1112810,36.742,456230.1
1113218,36.643,455252.3
1114034,36.443,453296.7
1114442,36.344,452318.9
1115258,35.545,444484.2
1116482,35.234,441437.4
1117502,34.923,438390.6
1119338,34.457,433820.4
1120562,33.238,421866.8
1121174,33.075,420264.3
1121786,32.912,418661.9
1122398,32.748,417059.4
1123010,32.585,415457.0
1124234,32.258,412252.1
1125458,30.508,395090.2
1125866,30.391,393944.8
1126682,30.157,391653.9
1127090,29.982,389935.8
1127906,29.749,387645.0
1128314,29.632,386499.6
1128926,29.457,384781.4
1130150,29.106,381345.2
1130762,26.343,354251.4
1131986,25.953,350423.8
1132598,25.758,348510.0
1134434,25.173,342768.5
1134842,25.042,341492.7
1135658,18.646,278765.9
1136066,18.486,277198.6
1136882,18.167,274064.0
1137290,17.927,271713.1
1138106,17.607,268578.5
1138514,17.447,267011.2
1139330,17.128,263876.7
1140350,16.728,259958.5
1140962,12.813,221560.0
1141370,12.813,221560.0
1141778,12.813,221560.0
1142186,12.813,221560.0
1142594,12.813,221560.0
1143002,12.813,221560.0
1143414,12.813,221560.0
1143822,12.813,221560.0
1144230,12.813,221560.0
1144638,12.813,221560.0
1145046,12.813,221560.0
1145454,12.813,221560.0
1145862,12.813,221560.0
1146270,12.813,221560.0
1146678,12.813,221560.0
1147086,12.813,221560.0
1147494,12.813,221560.0
1147902,12.813,221560.0
1148310,12.813,221560.0
1148718,12.813,221560.0
1149126,12.813,221560.0
1149534,12.813,221560.0
1149942,12.813,221560.0
1150350,12.813,221560.0
1150758,12.813,221560.0
1151166,12.813,221560.0
1151574,12.813,221560.0
1151982,12.813,221560.0
1152390,12.813,221560.0
1152798,12.813,221560.0
1153206,12.813,221560.0
1153614,12.813,221560.0
1154022,12.813,221560.0
1154430,12.813,221560.0
1154838,12.813,221560.0
1155246,12.813,221560.0
1155654,12.813,221560.0
1156062,12.813,221560.0
1156470,12.813,221560.0
1156878,12.813,221560.0
1157286,12.813,221560.0
1157694,12.813,221560.0
1158102,12.813,221560.0
1158510,12.813,221560.0
1158918,12.813,221560.0
1159326,12.813,221560.0
1159734,12.813,221560.0
1160142,12.813,221560.0
1160550,12.813,221560.0
1160958,12.813,221560.0
1161366,12.813,221560.0
1161774,12.813,221560.0
1162182,12.813,221560.0
1162590,12.813,221560.0
1162998,12.813,221560.0
1163406,12.813,221560.0
1163814,12.813,221560.0
1164222,12.813,221560.0
1164630,12.813,221560.0
1165038,12.813,221560.0
1165446,12.813,221560.0
1165854,12.813,221560.0
1166262,12.813,221560.0
1166670,12.813,221560.0
1167078,12.813,221560.0
1167486,12.813,221560.0
1167894,12.813,221560.0
1168302,12.813,221560.0
1168710,12.813,221560.0
1169118,12.813,221560.0
1169526,12.813,221560.0
1169934,12.813,221560.0
1170342,12.813,221560.0
1170750,12.813,221560.0
1171158,12.813,221560.0
1171566,12.813,221560.0
1171974,12.813,221560.0
1172382,12.813,221560.0
1172790,12.813,221560.0
1173606,12.813,221560.0
1174014,12.813,221560.0
1174422,12.813,221560.0
1174830,12.813,221560.0
1175238,12.813,221560.0
1175646,12.813,221560.0
1176054,12.813,221560.0
1176462,12.813,221560.0
1176870,12.813,221560.0
1177278,12.813,221560.0
1177686,12.813,221560.0
1178094,12.813,221560.0
1178502,12.813,221560.0
1178910,12.813,221560.0
1179318,12.813,221560.0
1179726,12.813,221560.0
1180134,12.813,221560.0
1180542,12.813,221560.0
1180950,12.813,221560.0
1181154,12.813,221560.0
1181766,12.813,221560.0
1182174,12.813,221560.0
1182582,12.813,221560.0
1182990,12.813,221560.0
1183806,12.813,221560.0
1184010,12.813,221560.0
1184418,12.813,221560.0
1184826,12.813,221560.0
1185234,12.813,221560.0
1185642,12.813,221560.0
1186050,12.813,221560.0
1186662,12.813,221560.0
1187070,12.813,221560.0
1187478,12.813,221560.0
1187886,12.813,221560.0
1188498,12.813,221560.0
1188906,12.813,221560.0
1189314,12.813,221560.0
1189722,12.813,221560.0
1190130,12.813,221560.0
1190538,12.813,221560.0
1190946,12.813,221560.0
1191354,12.813,221560.0
1191762,12.813,221560.0
1192170,12.813,221560.0
1192578,12.813,221560.0
1192986,12.813,221560.0
1193394,12.813,221560.0
1193802,12.813,221560.0
1194210,12.813,221560.0
1194618,12.813,221560.0
1195026,12.813,221560.0
1195434,12.813,221560.0
1195842,12.813,221560.0
1196250,12.813,221560.0
1196658,12.813,221560.0
1197066,12.813,221560.0
1197474,12.813,221560.0
1197882,12.813,221560.0
1198290,12.813,221560.0
1198698,12.813,221560.0
1199106,12.813,221560.0
1199514,12.813,221560.0
1199922,12.813,221560.0
1200330,12.813,221560.0
1200738,12.813,221560.0
1201146,12.813,221560.0
1201554,12.813,221560.0
1201962,12.813,221560.0
1202370,12.813,221560.0
1202778,12.813,221560.0
1203186,12.813,221560.0
1203594,12.813,221560.0
1204002,12.813,221560.0
1204410,12.813,221560.0
1204818,12.813,221560.0
1205226,12.813,221560.0
1205634,12.813,221560.0
1206042,12.813,221560.0
1206450,12.813,221560.0
1206858,12.813,221560.0
1207266,12.813,221560.0
1207674,12.813,221560.0
1208082,12.813,221560.0
1208490,12.813,221560.0
1208898,12.813,221560.0
1209306,12.813,221560.0
1209714,12.813,221560.0
1210122,12.813,221560.0
1210530,12.813,221560.0
1210938,12.813,221560.0
1211346,12.813,221560.0
1211754,12.813,221560.0
1212162,12.813,221560.0
1212570,12.813,221560.0
1212978,12.813,221560.0
1213386,12.813,221560.0
1213794,12.813,221560.0
1214202,12.813,221560.0
1214610,12.813,221560.0
1215018,12.813,221560.0
1215426,12.813,221560.0
1215834,12.813,221560.0
1216242,12.813,221560.0
1216650,12.813,221560.0
1217058,12.813,221560.0
1217466,12.813,221560.0
1217874,12.813,221560.0
1218282,12.813,221560.0
1218690,12.813,221560.0
1219098,12.813,221560.0
1219506,12.813,221560.0
1219914,12.813,221560.0
1220322,12.813,221560.0
1220730,12.813,221560.0
1221138,12.813,221560.0
1221546,12.813,221560.0
1221954,12.813,221560.0
1222362,12.813,221560.0
1222770,12.813,221560.0
1223178,12.813,221560.0
1223586,12.813,221560.0
1223994,12.813,221560.0
1224402,12.813,221560.0
1224810,12.813,221560.0
1225218,12.813,221560.0
1225626,12.813,221560.0
1226034,12.813,221560.0
1226442,12.813,221560.0
1226850,12.813,221560.0
1227258,12.813,221560.0
1227666,12.813,221560.0
1228074,12.813,221560.0
1228482,12.813,221560.0
1228890,12.813,221560.0
1229298,12.813,221560.0
1229706,12.813,221560.0
1230114,12.813,221560.0
1230522,12.813,221560.0
1230930,12.813,221560.0
1231338,12.813,221560.0
1231746,12.813,221560.0
1232154,12.813,221560.0
1232562,12.813,221560.0
1232970,12.813,221560.0
1233378,12.813,221560.0
1233786,12.813,221560.0
1234194,12.813,221560.0
1234602,12.813,221560.0
1235010,12.813,221560.0
1235418,12.813,221560.0
1235826,12.813,221560.0
1236234,12.813,221560.0
1236642,12.813,221560.0
1236846,12.813,221560.0
1237254,12.813,221560.0
1237866,12.813,221560.0
1238274,12.813,221560.0
1238682,12.813,221560.0
1239090,12.813,221560.0
1239498,12.813,221560.0
1239906,12.813,221560.0
1240314,12.813,221560.0
1240722,12.813,221560.0
1241130,12.813,221560.0
1241538,12.813,221560.0
1241742,12.813,221560.0
1242150,12.813,221560.0
1242762,12.813,221560.0
1243170,12.813,221560.0
1243578,12.813,221560.0
1243986,12.813,221560.0
1244190,12.813,221560.0
1244598,12.813,221560.0
1245006,12.813,221560.0
1245414,12.813,221560.0
1245822,12.813,221560.0
1246230,12.813,221560.0
1246638,12.813,221560.0
1247046,12.813,221560.0
1247454,12.813,221560.0
1248066,12.813,221560.0
1248474,12.813,221560.0
1248678,12.813,221560.0
1249086,12.813,221560.0
1249494,12.813,221560.0
1249902,12.813,221560.0
1250310,12.813,221560.0
1250718,12.813,221560.0
1251126,12.813,221560.0
1251534,12.813,221560.0
1251942,12.813,221560.0
1252350,12.813,221560.0
1252758,12.813,221560.0
1253166,12.813,221560.0
1253574,12.813,221560.0
1253982,12.813,221560.0
1254390,12.813,221560.0
1254798,12.813,221560.0
1255206,12.813,221560.0
1255614,12.813,221560.0
1256022,12.813,221560.0
1256430,12.813,221560.0
1256838,12.813,221560.0
1257246,12.813,221560.0
1257654,12.813,221560.0
1258062,12.813,221560.0
1258470,12.813,221560.0
1258878,12.813,221560.0
1259286,12.813,221560.0
1259694,12.813,221560.0
1260102,12.813,221560.0
1260510,12.813,221560.0
1260918,12.813,221560.0
1261326,12.813,221560.0
1261734,12.813,221560.0
1262142,12.813,221560.0
1262550,12.813,221560.0
1262958,12.813,221560.0
1263366,12.813,221560.0
1263774,12.813,221560.0
1264182,12.813,221560.0
1264590,12.813,221560.0
1264998,12.813,221560.0
1265406,12.813,221560.0
1265814,12.813,221560.0
1266222,12.813,221560.0
1266630,12.813,221560.0
1267038,12.813,221560.0
1267446,12.813,221560.0
1267854,12.813,221560.0
1268262,12.813,221560.0
1268670,12.813,221560.0
1269078,12.813,221560.0
1269486,12.813,221560.0
1269894,12.813,221560.0
1270302,12.813,221560.0
1270710,12.813,221560.0
1271118,12.813,221560.0
1271526,12.813,221560.0
1271934,12.813,221560.0
1272342,12.813,221560.0
1272750,12.813,221560.0
1273158,9.714,191170.0
1273797,9.714,191170.0
1274205,9.714,191170.0
1274613,9.714,191170.0
1275021,9.714,191170.0
1275429,9.714,191170.0
1275837,9.714,191170.0
1276245,9.714,191170.0
1276653,9.714,191170.0
1277061,9.714,191170.0
1277469,9.714,191170.0
1277877,9.714,191170.0
1278285,9.714,191170.0
1278693,9.714,191170.0
1279101,9.714,191170.0
1279509,9.714,191170.0
1279917,9.714,191170.0
1280325,9.714,191170.0
1280733,9.714,191170.0
1281141,9.714,191170.0
1281549,9.714,191170.0
1281957,9.714,191170.0
1282365,9.714,191170.0
1282773,9.714,191170.0
1283181,9.714,191170.0
1283589,9.714,191170.0
1283997,9.714,191170.0
1284405,9.714,191170.0
1284813,9.714,191170.0
1285221,9.714,191170.0
1285629,9.714,191170.0
1286037,9.714,191170.0
1286445,9.714,191170.0
1286853,9.714,191170.0
1287261,9.714,191170.0
1287465,9.714,191170.0
1287873,9.714,191170.0
1288281,9.714,191170.0
1288893,9.714,191170.0
1289301,9.714,191170.0
1289709,9.714,191170.0
1290117,9.714,191170.0
1290525,9.714,191170.0
1290933,9.714,191170.0
1291137,9.714,191170.0
1291545,9.714,191170.0
1291953,9.714,191170.0
1292361,9.714,191170.0
1292769,9.714,191170.0
1293177,9.714,191170.0
1293585,9.714,191170.0
1293993,9.714,191170.0
1294401,9.714,191170.0
1294809,9.714,191170.0
1295217,9.714,191170.0
1295625,9.714,191170.0
1296033,9.714,191170.0
1296441,9.714,191170.0
1296849,9.714,191170.0
1297257,9.714,191170.0
1297665,9.714,191170.0
1298073,9.714,191170.0
1298481,9.714,191170.0
1298889,9.714,191170.0
1299297,9.714,191170.0
1299705,9.714,191170.0
1300113,9.714,191170.0
1300521,9.714,191170.0
1300929,9.714,191170.0
1301337,9.714,191170.0
1301745,9.714,191170.0
1302153,9.714,191170.0
1302561,9.714,191170.0
1302969,9.714,191170.0
1303377,9.714,191170.0
1303785,9.714,191170.0
1304193,9.714,191170.0
1304601,9.714,191170.0
1305009,9.714,191170.0
1305417,9.714,191170.0
1305825,9.714,191170.0
1306233,9.714,191170.0
1306641,9.714,191170.0
1307049,9.714,191170.0
1307457,9.714,191170.0
1307865,9.714,191170.0
1308273,9.714,191170.0
1308681,9.714,191170.0
1309089,9.714,191170.0
1309497,9.714,191170.0
1309905,9.714,191170.0
1310313,9.714,191170.0
1310721,9.714,191170.0
1311129,9.714,191170.0
1311537,9.714,191170.0
1311945,9.714,191170.0
1312353,9.714,191170.0
1312761,9.714,191170.0
1313169,9.714,191170.0
1313577,9.714,191170.0
1313985,9.714,191170.0
1314393,9.714,191170.0
1314801,9.714,191170.0
1315209,9.714,191170.0
1315617,9.714,191170.0
1316025,9.714,191170.0
1316433,9.714,191170.0
1316841,9.714,191170.0
1317249,9.714,191170.0
1317657,9.714,191170.0
1318269,9.714,191170.0
1319289,9.714,191170.0
1320105,9.714,191170.0
1320309,9.714,191170.0
1320717,9.714,191170.0
1321125,9.714,191170.0
1321533,9.714,191170.0
1321941,9.714,191170.0
1322349,9.714,191170.0
1322757,9.714,191170.0
1323777,9.714,191170.0
1324185,9.714,191170.0
1324593,9.714,191170.0
1325001,9.714,191170.0
1325409,9.714,191170.0
1325817,9.714,191170.0
1326225,9.714,191170.0
1326633,9.714,191170.0
1327041,9.714,191170.0
1327449,9.714,191170.0
1327857,9.714,191170.0
1328265,9.714,191170.0
1328673,9.714,191170.0
1329081,9.714,191170.0
1329489,9.714,191170.0
1329897,9.714,191170.0
1330305,9.714,191170.0
1330713,9.714,191170.0
1331121,9.714,191170.0
1331529,9.714,191170.0
1332753,9.714,191170.0
1332957,9.714,191170.0
1333365,9.714,191170.0
1333773,9.714,191170.0
1334793,9.714,191170.0
1334997,9.714,191170.0
1335405,9.714,191170.0
1335813,9.714,191170.0
1336221,9.714,191170.0
1336629,9.714,191170.0
1337037,9.714,191170.0
1337445,9.714,191170.0
1337853,9.714,191170.0
1338261,9.714,191170.0
1338669,9.714,191170.0
1339077,9.714,191170.0
1339485,9.714,191170.0
1339893,9.714,191170.0
1340301,9.714,191170.0
1340709,9.714,191170.0
1341117,9.714,191170.0
1341525,9.714,191170.0
1341933,9.714,191170.0
1342341,9.714,191170.0
1342749,9.714,191170.0
1343157,9.714,191170.0
1343565,9.714,191170.0
1343973,9.714,191170.0
1344381,9.714,191170.0
1344789,9.714,191170.0
1345197,9.714,191170.0
1345605,9.714,191170.0
1346013,9.714,191170.0
1346421,9.714,191170.0
1346829,9.714,191170.0
1347237,9.714,191170.0
1347645,9.714,191170.0
1348053,9.714,191170.0
1348461,9.714,191170.0
1348869,9.714,191170.0
1349277,9.714,191170.0
1349685,9.714,191170.0
1350093,9.714,191170.0
1350501,9.714,191170.0
1350909,9.714,191170.0
1351317,9.714,191170.0
1351725,9.714,191170.0
1352133,9.714,191170.0
1352541,9.714,191170.0
1352949,9.714,191170.0
1353357,9.714,191170.0
1353765,9.714,191170.0
1354173,9.714,191170.0
1354581,9.714,191170.0
1354989,9.714,191170.0
1355397,9.714,191170.0
1355805,9.714,191170.0
1356213,9.714,191170.0
1356621,9.714,191170.0
1357029,9.714,191170.0
1357437,9.714,191170.0
1357845,9.714,191170.0
1358253,9.714,191170.0
1358661,9.714,191170.0
1359069,9.714,191170.0
1359477,9.714,191170.0
1359885,9.714,191170.0
1360293,9.714,191170.0
1360701,9.714,191170.0
1361109,9.714,191170.0
1361517,9.714,191170.0
1361925,9.714,191170.0
1362333,9.714,191170.0
1362741,9.714,191170.0
1363149,9.714,191170.0
1363353,9.714,191170.0
1363761,9.714,191170.0
1364169,9.714,191170.0
1364577,9.714,191170.0
1365393,9.714,191170.0
1365801,9.714,191170.0
1366209,9.714,191170.0
1366617,9.714,191170.0
1367025,9.714,191170.0
1367433,9.714,191170.0
1367841,9.714,191170.0
1368249,9.714,191170.0
1368657,9.714,191170.0
1369065,9.714,191170.0
1369473,9.714,191170.0
1369881,9.714,191170.0
1370289,9.714,191170.0
1370697,9.714,191170.0
1371105,9.714,191170.0
1371513,9.714,191170.0
1371921,9.714,191170.0
1372329,9.714,191170.0
1372737,9.714,191170.0
1373145,9.714,191170.0
1373553,9.714,191170.0
1373961,9.714,191170.0
1374369,9.714,191170.0
1374777,9.714,191170.0
1375185,9.714,191170.0
1375593,9.714,191170.0
1376001,9.714,191170.0
1376409,9.714,191170.0
1376817,9.714,191170.0
1377225,9.714,191170.0
1377633,9.714,191170.0
1378041,9.714,191170.0
1378449,9.714,191170.0
1378857,9.714,191170.0
1379265,9.714,191170.0
1379673,9.714,191170.0
1380081,9.714,191170.0
1380489,9.714,191170.0
1380897,9.714,191170.0
1381305,9.714,191170.0
1381713,9.714,191170.0
1382121,9.714,191170.0
1382529,9.714,191170.0
1382937,9.714,191170.0
1383345,9.714,191170.0
1383753,9.714,191170.0
1384161,9.714,191170.0
1384569,9.714,191170.0
1384977,9.714,191170.0
1385385,9.714,191170.0
1385793,9.714,191170.0
1386201,9.714,191170.0
1386609,9.714,191170.0
1387017,9.714,191170.0
1387425,9.714,191170.0
1387833,9.714,191170.0
1388241,9.714,191170.0
1388649,9.714,191170.0
1389057,9.714,191170.0
1389465,9.714,191170.0
1389873,9.714,191170.0
1390281,9.714,191170.0
1390689,9.714,191170.0
1391097,9.714,191170.0
1391505,9.714,191170.0
1391913,9.714,191170.0
1392321,9.714,191170.0
1392729,9.714,191170.0
1393137,9.714,191170.0
1393545,9.714,191170.0
1393953,9.714,191170.0
1394361,9.714,191170.0
1394769,9.714,191170.0
1395177,9.714,191170.0
1395585,9.714,191170.0
1395993,9.714,191170.0
1396401,9.714,191170.0
1396809,9.714,191170.0
1397217,9.714,191170.0
1397625,9.714,191170.0
1398033,9.714,191170.0
1398441,9.714,191170.0
1398849,9.714,191170.0
1399257,9.714,191170.0
1399665,9.714,191170.0
1400073,9.714,191170.0
1400481,9.714,191170.0
1400889,9.714,191170.0
1401297,9.714,191170.0
1401705,9.714,191170.0
1402113,9.714,191170.0
1402521,9.714,191170.0
1402929,9.714,191170.0
1403337,9.714,191170.0
1404153,9.714,191170.0
1404561,9.714,191170.0
1404765,9.714,191170.0
1405173,9.714,191170.0
1405581,9.714,191170.0
1406193,9.714,191170.0
1406601,9.714,191170.0
1406805,9.714,191170.0
1407213,9.714,191170.0
1407621,9.714,191170.0
1408029,9.714,191170.0
1408437,9.714,191170.0
1408845,9.714,191170.0
1409253,9.714,191170.0
1409661,9.714,191170.0
1410069,9.714,191170.0
1410477,9.714,191170.0
1410885,9.714,191170.0
1411293,9.714,191170.0
1411701,9.714,191170.0
1412109,9.714,191170.0
1412517,9.714,191170.0
1412925,9.714,191170.0
1413333,9.714,191170.0
1413741,9.714,191170.0
1414149,9.714,191170.0
1414557,9.714,191170.0
1414965,9.714,191170.0
1415373,9.714,191170.0
1415781,9.714,191170.0
1416189,9.714,191170.0
1416597,9.714,191170.0
1417005,9.714,191170.0
1417413,9.714,191170.0
1417821,9.714,191170.0
1418229,9.714,191170.0
1418637,9.714,191170.0
1419045,9.714,191170.0
1419453,9.714,191170.0
1419861,9.714,191170.0
1420269,9.714,191170.0
1420677,9.714,191170.0
1421085,9.714,191170.0
1421493,9.714,191170.0
1421901,9.714,191170.0
1422309,9.714,191170.0
1422717,9.714,191170.0
1423125,9.714,191170.0
1423533,9.714,191170.0
1423941,9.714,191170.0
1424349,9.714,191170.0
1424757,9.714,191170.0
1425165,9.714,191170.0
1425573,9.714,191170.0
1425981,9.714,191170.0
1426389,9.714,191170.0
1426797,9.714,191170.0
1427205,9.714,191170.0
1427613,9.714,191170.0
1428021,9.714,191170.0
1428429,9.714,191170.0
1428837,9.714,191170.0
1429245,9.714,191170.0
1429653,9.714,191170.0
1430061,9.714,191170.0
1430469,9.714,191170.0
1430877,9.714,191170.0
1431285,6.615,160780.0
1431693,6.615,160780.0
1432101,6.615,160780.0
1432509,6.615,160780.0
1432917,6.615,160780.0
1433325,6.615,160780.0
1433733,6.615,160780.0
1434141,6.615,160780.0
1434549,6.615,160780.0
1434957,6.615,160780.0
1435365,6.615,160780.0
1435773,6.615,160780.0
1436181,6.615,160780.0
1436589,6.615,160780.0
1436997,6.615,160780.0
1437405,6.615,160780.0
1437813,6.615,160780.0
1438221,6.615,160780.0
1438629,6.615,160780.0
1439037,6.615,160780.0
1439445,6.615,160780.0
1439853,6.615,160780.0
1440261,6.615,160780.0
1440669,6.615,160780.0
1441077,6.615,160780.0
1441485,6.615,160780.0
1441893,6.615,160780.0
1442301,6.615,160780.0
1442709,6.615,160780.0
1443117,6.615,160780.0
1443525,6.615,160780.0
1443933,6.615,160780.0
1444341,6.615,160780.0
1444749,6.615,160780.0
1445157,6.615,160780.0
1445565,6.615,160780.0
1445973,6.615,160780.0
1446381,6.615,160780.0
1446789,6.615,160780.0
1447197,6.615,160780.0
1447605,6.615,160780.0
1448013,6.615,160780.0
1448421,6.615,160780.0
1448829,6.615,160780.0
1449237,6.615,160780.0
1449645,6.615,160780.0
1450053,6.615,160780.0
1450461,6.615,160780.0
1450869,6.615,160780.0
1451277,6.615,160780.0
1451685,6.615,160780.0
1452093,6.615,160780.0
1452501,6.615,160780.0
1452909,6.615,160780.0
1453317,6.615,160780.0
1453725,6.615,160780.0
1454133,6.615,160780.0
1454541,6.615,160780.0
1454949,6.615,160780.0
1455357,6.615,160780.0
1455765,6.615,160780.0
1456173,6.615,160780.0
1456581,6.615,160780.0
1456989,6.615,160780.0
1457397,6.615,160780.0
1457805,6.615,160780.0
1458213,6.615,160780.0
1458621,6.615,160780.0
1459029,6.615,160780.0
1459437,6.615,160780.0
1459845,6.615,160780.0
1460253,6.615,160780.0
1460457,6.615,160780.0
1460865,6.615,160780.0
1461273,6.615,160780.0
1461681,6.615,160780.0
1462089,6.615,160780.0
1462497,6.615,160780.0
1462905,6.615,160780.0
1463313,6.615,160780.0
1463721,6.615,160780.0
1464129,6.615,160780.0
1464537,6.615,160780.0
1464945,6.615,160780.0
1465353,6.615,160780.0
1465761,6.615,160780.0
1466169,6.615,160780.0
1466577,6.615,160780.0
1466985,6.615,160780.0
1467393,6.615,160780.0
1467801,6.615,160780.0
1468209,6.615,160780.0
1468617,6.615,160780.0
1469025,6.615,160780.0
1469433,6.615,160780.0
1469841,6.615,160780.0
1470249,6.615,160780.0
1470657,6.615,160780.0
1471065,6.615,160780.0
1471473,6.615,160780.0
1471881,6.615,160780.0
1472289,6.615,160780.0
1472697,6.615,160780.0
1473105,6.615,160780.0
1473513,6.615,160780.0
1473921,6.615,160780.0
1474329,6.615,160780.0
1474737,6.615,160780.0
1475145,6.615,160780.0
1475553,6.615,160780.0
1475961,6.615,160780.0
1476369,6.615,160780.0
1476777,6.615,160780.0
1477185,6.615,160780.0
1477593,6.615,160780.0
1478001,6.615,160780.0
1478409,6.615,160780.0
1478817,6.615,160780.0
1479225,6.615,160780.0
1479633,6.615,160780.0
1480041,6.615,160780.0
1480449,6.615,160780.0
1480857,6.615,160780.0
1481265,6.615,160780.0
1481673,6.615,160780.0
1482081,6.615,160780.0
1482489,6.615,160780.0
1483509,6.615,160780.0
1483917,6.615,160780.0
1484325,6.615,160780.0
1484733,6.615,160780.0
1485141,6.615,160780.0
1485549,6.615,160780.0
1485957,6.615,160780.0
1486365,6.615,160780.0
1486773,6.615,160780.0
1487181,6.615,160780.0
1487589,6.615,160780.0
1487997,6.615,160780.0
1488405,6.615,160780.0
1488813,6.615,160780.0
1489221,6.615,160780.0
1489629,6.615,160780.0
1490037,6.615,160780.0
1490445,6.615,160780.0
1490853,6.615,160780.0
1491261,6.615,160780.0
1491669,6.615,160780.0
1492077,6.615,160780.0
1492485,6.615,160780.0
1492893,6.615,160780.0
1493301,6.615,160780.0
1493709,6.615,160780.0
1494117,6.615,160780.0
1494525,6.615,160780.0
1494933,6.615,160780.0
1495341,6.615,160780.0
1495749,6.615,160780.0
1496157,6.615,160780.0
1496565,6.615,160780.0
1496973,6.615,160780.0
1497381,6.615,160780.0
1497789,6.615,160780.0
1498197,6.615,160780.0
1498605,6.615,160780.0
1499013,6.615,160780.0
1499421,6.615,160780.0
1499829,6.615,160780.0
1500237,6.615,160780.0
1500645,6.615,160780.0
1501053,6.615,160780.0
1501461,6.615,160780.0
1501869,6.615,160780.0
1502277,6.615,160780.0
1502685,6.615,160780.0
1503093,6.615,160780.0
1503501,6.615,160780.0
1503909,6.615,160780.0
1504317,6.615,160780.0
1504725,6.615,160780.0
1505133,6.615,160780.0
1505541,6.615,160780.0
1505949,6.615,160780.0
1506357,6.615,160780.0
1506765,6.615,160780.0
1507173,6.615,160780.0
1507581,6.615,160780.0
1507989,6.615,160780.0
1508397,6.615,160780.0
1508805,6.615,160780.0
1509213,6.615,160780.0
1509621,6.615,160780.0
1510029,6.615,160780.0
1510437,6.615,160780.0
1510845,6.615,160780.0
1511253,6.615,160780.0
1511661,6.615,160780.0
1512069,6.615,160780.0
1512885,6.615,160780.0
1513293,6.615,160780.0
1513701,6.615,160780.0
1514109,6.615,160780.0
1514313,6.615,160780.0
1514721,6.615,160780.0
1515129,6.615,160780.0
1515537,6.615,160780.0
1515946,6.615,160780.0
1516353,6.615,160780.0
1516761,6.615,160780.0
1517169,6.615,160780.0
1517577,6.615,160780.0
1517985,6.615,160780.0
1518393,6.615,160780.0
1518801,6.615,160780.0
1519209,6.615,160780.0
1519617,6.615,160780.0
1520025,6.615,160780.0
1520433,6.615,160780.0
1520841,6.615,160780.0
1521249,6.615,160780.0
1521657,6.615,160780.0
1522065,6.615,160780.0
1522473,6.615,160780.0
1522881,6.615,160780.0
1523289,6.615,160780.0
1523697,6.615,160780.0
1524105,6.615,160780.0
1524513,6.615,160780.0
1524921,6.615,160780.0
1525329,6.615,160780.0
1525737,6.615,160780.0
1526145,6.615,160780.0
1526553,6.615,160780.0
1526961,6.615,160780.0
1527369,6.615,160780.0
1527777,6.615,160780.0
1528185,6.615,160780.0
1528593,6.615,160780.0
1529001,6.615,160780.0
1529409,6.615,160780.0
1529817,6.615,160780.0
1530225,6.615,160780.0
1530633,6.615,160780.0
1531041,6.615,160780.0
1531449,6.615,160780.0
1531857,6.615,160780.0
1532265,6.615,160780.0
1532673,6.615,160780.0
1533081,6.615,160780.0
1533489,6.615,160780.0
1533897,6.615,160780.0
1534305,6.615,160780.0
1534713,6.615,160780.0
1535121,6.615,160780.0
1535529,6.615,160780.0
1535937,6.615,160780.0
1536345,6.615,160780.0
1536753,6.615,160780.0
1537161,6.615,160780.0
1537569,6.615,160780.0
1537977,6.615,160780.0
1538385,6.615,160780.0
1538793,6.615,160780.0
1539201,6.615,160780.0
1539609,6.615,160780.0
1540017,6.615,160780.0
1540425,6.615,160780.0
1540833,6.615,160780.0
1541037,6.615,160780.0
1541445,6.615,160780.0
1541853,6.615,160780.0
1542261,6.615,160780.0
1542669,6.615,160780.0
1543077,6.615,160780.0
1543485,6.615,160780.0
1543893,6.615,160780.0
1544301,6.615,160780.0
1544709,6.615,160780.0
1545117,6.615,160780.0
1545525,6.615,160780.0
1545933,6.615,160780.0
1546341,6.615,160780.0
1546749,6.615,160780.0
1547157,6.615,160780.0
1547565,6.615,160780.0
1547973,6.615,160780.0
1548381,6.615,160780.0
1548789,6.615,160780.0
1549197,6.615,160780.0
1549605,6.615,160780.0
1550013,6.615,160780.0
1550421,6.615,160780.0
1550829,6.615,160780.0
1551237,6.615,160780.0
1551645,6.615,160780.0
1552053,6.615,160780.0
1552461,6.615,160780.0
1552869,6.615,160780.0
1553277,6.615,160780.0
1553685,6.615,160780.0
1554093,6.615,160780.0
1554501,6.615,160780.0
1554909,6.615,160780.0
1555317,6.615,160780.0
1555725,6.615,160780.0
1556133,6.615,160780.0
1556541,6.615,160780.0
1556949,6.615,160780.0
1557357,6.615,160780.0
1557765,6.615,160780.0
1558173,6.615,160780.0
1558581,6.615,160780.0
1558989,6.615,160780.0
1559397,6.615,160780.0
1559805,6.615,160780.0
1560213,6.615,160780.0
1560621,6.615,160780.0
1561029,6.615,160780.0
1561437,6.615,160780.0
1561845,6.615,160780.0
1562253,6.615,160780.0
1562457,6.615,160780.0
1562865,6.615,160780.0
1563273,6.615,160780.0
1563681,6.615,160780.0
1564293,6.615,160780.0
1564701,6.615,160780.0
1565109,6.615,160780.0
1565517,6.615,160780.0
1565925,6.615,160780.0
1566333,6.615,160780.0
1566741,6.615,160780.0
1567149,6.615,160780.0
1567557,6.615,160780.0
1567965,6.615,160780.0
1568373,6.615,160780.0
1568781,6.615,160780.0
1569189,6.615,160780.0
1569597,6.615,160780.0
1570005,6.615,160780.0
1570413,6.615,160780.0
1570821,6.615,160780.0
1571229,6.615,160780.0
1571637,6.615,160780.0
1571841,6.615,160780.0
1572249,6.615,160780.0
1572657,6.615,160780.0
1573065,6.615,160780.0
1573473,6.615,160780.0
1573881,6.615,160780.0
1574289,6.615,160780.0
1574697,6.615,160780.0
1575105,6.615,160780.0
1575513,6.615,160780.0
1575921,6.615,160780.0
1576329,6.615,160780.0
1576737,6.615,160780.0
1577145,6.615,160780.0
1577553,6.615,160780.0
1577961,6.615,160780.0
1578369,6.615,160780.0
1578777,6.615,160780.0
1579185,6.615,160780.0
1579593,6.615,160780.0
1580001,6.615,160780.0
1580409,6.615,160780.0
1580817,6.615,160780.0
1581225,6.615,160780.0
1581633,6.615,160780.0
1582041,6.615,160780.0
1582449,6.615,160780.0
1582857,6.615,160780.0
1583265,6.615,160780.0
1583673,6.615,160780.0
1584081,6.615,160780.0
1584489,6.615,160780.0
1584897,6.615,160780.0
1585305,6.615,160780.0
1585713,6.615,160780.0
1586121,6.615,160780.0
1586529,6.615,160780.0
1586937,6.615,160780.0
1587345,6.615,160780.0
1587753,6.615,160780.0
1588161,6.615,160780.0
1588569,6.615,160780.0
1588977,6.615,160780.0
1589385,6.615,160780.0
1589793,6.615,160780.0
1590201,6.615,160780.0
1590609,6.615,160780.0
1591017,6.615,160780.0
1591425,6.615,160780.0
1591833,6.615,160780.0
1592241,6.615,160780.0
1592649,6.615,160780.0
1593057,6.615,160780.0
1593669,6.615,160780.0
1594077,6.615,160780.0
1594689,6.615,160780.0
1595097,6.615,160780.0
1595301,6.615,160780.0
1595709,6.615,160780.0
1596117,6.615,160780.0
1596525,6.615,160780.0
1596933,6.615,160780.0
1597341,6.615,160780.0
1597749,6.615,160780.0
1598157,6.615,160780.0
1598565,6.615,160780.0
1598973,6.615,160780.0
1599381,6.615,160780.0
1599993,3.516,130390.0
1600401,3.516,130390.0
1600809,3.516,130390.0
1601217,3.516,130390.0
1601625,3.516,130390.0
1602033,3.516,130390.0
1602441,3.516,130390.0
1602849,3.516,130390.0
1603257,3.516,130390.0
1603665,3.516,130390.0
1604073,3.516,130390.0
1604481,3.516,130390.0
1604889,3.516,130390.0
1605297,3.516,130390.0
1605705,3.516,130390.0
1606113,3.516,130390.0
1606521,3.516,130390.0
1606929,3.516,130390.0
1607337,3.516,130390.0
1607745,3.516,130390.0
1608153,3.516,130390.0
1608561,3.516,130390.0
1608969,3.516,130390.0
1609377,3.516,130390.0
1609785,3.516,130390.0
1610193,3.516,130390.0
1610601,3.516,130390.0
1611009,3.516,130390.0
1611417,3.516,130390.0
1611825,3.516,130390.0
1612233,3.516,130390.0
1613049,3.516,130390.0
1613253,3.516,130390.0
1613661,3.516,130390.0
1614069,3.516,130390.0
1614477,3.516,130390.0
1614885,3.516,130390.0
1615293,3.516,130390.0
1615701,3.516,130390.0
1616109,3.516,130390.0
1616517,3.516,130390.0
1616925,3.516,130390.0
1617333,3.516,130390.0
1617741,3.516,130390.0
1618149,3.516,130390.0
1618557,3.516,130390.0
1618965,3.516,130390.0
1619373,3.516,130390.0
1619781,3.516,130390.0
1620189,3.516,130390.0
1620597,3.516,130390.0
1621005,3.516,130390.0
1621413,3.516,130390.0
1621821,3.516,130390.0
1622229,3.516,130390.0
1622637,3.516,130390.0
1623045,3.516,130390.0
1623453,3.516,130390.0
1623861,3.516,130390.0
1624269,3.516,130390.0
1624677,3.516,130390.0
1625085,3.516,130390.0
1625493,3.516,130390.0
1625901,3.516,130390.0
1626309,3.516,130390.0
1626717,3.516,130390.0
1627125,3.516,130390.0
1627533,3.516,130390.0
1627941,3.516,130390.0
1628349,3.516,130390.0
1628757,3.516,130390.0
1629165,3.516,130390.0
1629573,3.516,130390.0
1629981,3.516,130390.0
1630389,3.516,130390.0
1630797,3.516,130390.0
1631205,3.516,130390.0
1631613,3.516,130390.0
1632021,3.516,130390.0
1632429,3.516,130390.0
1632837,3.516,130390.0
1633245,3.516,130390.0
1633653,3.516,130390.0
1634061,3.516,130390.0
1634469,3.516,130390.0
1634877,3.516,130390.0
1635285,3.516,130390.0
1635693,3.516,130390.0
1636101,3.516,130390.0
1636509,3.516,130390.0
1636917,3.516,130390.0
1637325,3.516,130390.0
1637733,3.516,130390.0
1638141,3.516,130390.0
1638549,3.516,130390.0
1638957,3.516,130390.0
1639365,3.516,130390.0
1639773,3.516,130390.0
1640181,3.516,130390.0
1640589,3.516,130390.0
1640997,3.516,130390.0
1641405,3.516,130390.0
1641813,3.516,130390.0
1642221,3.516,130390.0
1642629,3.516,130390.0
1643037,3.516,130390.0
1643445,3.516,130390.0
1643853,3.516,130390.0
1644261,3.516,130390.0
1644669,3.516,130390.0
1645077,3.516,130390.0
1645485,3.516,130390.0
1645893,3.516,130390.0
1646301,3.516,130390.0
1646709,3.516,130390.0
1647117,3.516,130390.0
1647525,3.516,130390.0
1648341,3.516,130390.0
1648545,3.516,130390.0
1648953,3.516,130390.0
1649361,3.516,130390.0
1649769,3.516,130390.0
1650177,3.516,130390.0
1650585,3.516,130390.0
1650993,3.516,130390.0
1651401,3.516,130390.0
1651809,3.516,130390.0
1652217,3.516,130390.0
1652625,3.516,130390.0
1653033,3.516,130390.0
1653441,3.516,130390.0
1653849,3.516,130390.0
1654257,3.516,130390.0
1654665,3.516,130390.0
1655073,3.516,130390.0
1655481,3.516,130390.0
1655889,3.516,130390.0
1656297,3.516,130390.0
1656705,3.516,130390.0
1657113,3.516,130390.0
1657521,3.516,130390.0
1657929,3.516,130390.0
1658337,3.516,130390.0
1658745,3.516,130390.0
1659153,3.516,130390.0
1659561,3.516,130390.0
1659969,3.516,130390.0
1660377,3.516,130390.0
1660785,3.516,130390.0
1661193,3.516,130390.0
1661601,3.516,130390.0
1662009,3.516,130390.0
1662417,3.516,130390.0
1662825,3.516,130390.0
1663233,3.516,130390.0
1663641,3.516,130390.0
1664049,3.516,130390.0
1664457,3.516,130390.0
1664865,3.516,130390.0
1665273,3.516,130390.0
1665681,3.516,130390.0
1666089,3.516,130390.0
1666497,3.516,130390.0
1666905,3.516,130390.0
1667313,3.516,130390.0
1667721,3.516,130390.0
1668129,3.516,130390.0
1668537,3.516,130390.0
1668945,3.516,130390.0
1669353,3.516,130390.0
1669761,3.516,130390.0
1670169,3.516,130390.0
1670373,3.516,130390.0
1670781,3.516,130390.0
1671393,3.516,130390.0
1671597,3.516,130390.0
1672005,3.516,130390.0
1672413,3.516,130390.0
1672821,3.516,130390.0
1673229,3.516,130390.0
1673637,3.516,130390.0
1674045,3.516,130390.0
1674453,3.516,130390.0
1674861,3.516,130390.0
1675269,3.516,130390.0
1675677,3.516,130390.0
1676085,3.516,130390.0
1676493,3.516,130390.0
1676901,3.516,130390.0
1677309,3.516,130390.0
1677717,3.516,130390.0
1678125,3.516,130390.0
1678533,3.516,130390.0
1678941,3.516,130390.0
1679349,3.516,130390.0
1679757,3.516,130390.0
1680165,3.516,130390.0
1680573,3.516,130390.0
1680981,3.516,130390.0
1681389,3.516,130390.0
1681797,3.516,130390.0
1682205,3.516,130390.0
1682613,3.516,130390.0
1683021,3.516,130390.0
1683429,3.516,130390.0
1683837,3.516,130390.0
1684245,3.516,130390.0
1684653,3.516,130390.0
1685061,3.516,130390.0
1685469,3.516,130390.0
1685877,3.516,130390.0
1686285,3.516,130390.0
1686693,3.516,130390.0
1687101,3.516,130390.0
1687509,3.516,130390.0
1687917,3.516,130390.0
1688325,3.516,130390.0
1688733,3.516,130390.0
1689141,3.516,130390.0
1689549,3.516,130390.0
1689957,3.516,130390.0
1690365,3.516,130390.0
1690773,3.516,130390.0
1691181,3.516,130390.0
1691589,3.516,130390.0
1691997,3.516,130390.0
1692405,3.516,130390.0
1692813,3.516,130390.0
1693221,3.516,130390.0
1693629,3.516,130390.0
1694037,3.516,130390.0
1694445,3.516,130390.0
1694853,3.516,130390.0
1695261,3.516,130390.0
1695669,3.516,130390.0
1696077,3.516,130390.0
1696485,3.516,130390.0
1696893,3.516,130390.0
1697301,3.516,130390.0
1697709,3.516,130390.0
1698117,3.516,130390.0
1698525,3.516,130390.0
1698933,3.516,130390.0
1699341,3.516,130390.0
1699749,3.516,130390.0
1700769,3.516,130390.0
1701177,3.516,130390.0
1701789,3.516,130390.0
1701993,3.516,130390.0
1702401,3.516,130390.0
1702809,3.516,130390.0
1703217,3.516,130390.0
1703626,3.516,130390.0
1704033,3.516,130390.0
1704441,3.516,130390.0
1704849,3.516,130390.0
1705257,3.516,130390.0
1705665,3.516,130390.0
1706073,3.516,130390.0
1706481,3.516,130390.0
1706889,3.516,130390.0
1707297,3.516,130390.0
1707705,3.516,130390.0
1708113,3.516,130390.0
1708521,3.516,130390.0
1708929,3.516,130390.0
1709337,3.516,130390.0
1709745,3.516,130390.0
1710153,3.516,130390.0
1710561,3.516,130390.0
1710969,3.516,130390.0
1711377,3.516,130390.0
1711785,3.516,130390.0
1712193,3.516,130390.0
1712601,3.516,130390.0
1713009,3.516,130390.0
1713825,3.516,130390.0
1714233,3.516,130390.0
1714641,3.516,130390.0
1715049,3.516,130390.0
1715457,3.516,130390.0
1715865,3.516,130390.0
1716273,3.516,130390.0
1716681,3.516,130390.0
1717089,3.516,130390.0
1717497,3.516,130390.0
1717905,3.516,130390.0
1718313,3.516,130390.0
1718721,3.516,130390.0
1719129,3.516,130390.0
1719537,3.516,130390.0
1719945,3.516,130390.0
1720353,3.516,130390.0
1720761,3.516,130390.0
1721169,3.516,130390.0
1721577,3.516,130390.0
1721985,3.516,130390.0
1722393,3.516,130390.0
1722801,3.516,130390.0
1723209,3.516,130390.0
1723617,3.516,130390.0
1724025,3.516,130390.0
1724433,3.516,130390.0
1724841,3.516,130390.0
1725249,3.516,130390.0
1725657,3.516,130390.0
1726065,3.516,130390.0
1726473,3.516,130390.0
1726881,3.516,130390.0
1727289,3.516,130390.0
1727697,3.516,130390.0
1728513,3.516,130390.0
1728717,3.516,130390.0
1729125,3.516,130390.0
1729533,3.516,130390.0
1729941,3.516,130390.0
1730349,3.516,130390.0
1730757,3.516,130390.0
1731165,3.516,130390.0
1731573,3.516,130390.0
1731981,3.516,130390.0
1732389,3.516,130390.0
1732797,3.516,130390.0
1733205,3.516,130390.0
1733613,3.516,130390.0
1734021,3.516,130390.0
1734429,3.516,130390.0
1734837,3.516,130390.0
1735245,3.516,130390.0
1735653,3.516,130390.0
1736061,3.516,130390.0
1736469,3.516,130390.0
1736877,3.516,130390.0
1737285,3.516,130390.0
1737693,3.516,130390.0
1738101,3.516,130390.0
1738509,3.516,130390.0
1738917,3.516,130390.0
1739325,3.516,130390.0
1739733,3.516,130390.0
1740141,3.516,130390.0
1740549,3.516,130390.0
1740957,3.516,130390.0
1741365,3.516,130390.0
1741773,3.516,130390.0
1742181,3.516,130390.0
1742589,3.516,130390.0
1742997,3.516,130390.0
1743405,3.516,130390.0
1743813,3.516,130390.0
1744221,3.516,130390.0
1744629,3.516,130390.0
1745037,3.516,130390.0
1745445,3.516,130390.0
1745853,3.516,130390.0
1746261,3.516,130390.0
1746669,3.516,130390.0
1747077,3.516,130390.0
1747485,3.516,130390.0
1747893,3.516,130390.0
1748301,3.516,130390.0
1748709,3.516,130390.0
1749117,3.516,130390.0
1749525,3.516,130390.0
1749933,3.516,130390.0
1750341,3.516,130390.0
1750749,3.516,130390.0
1751157,3.516,130390.0
1751565,3.516,130390.0
1751973,3.516,130390.0
1752381,3.516,130390.0
1752789,3.516,130390.0
1753197,3.516,130390.0
1753605,3.516,130390.0
1754013,3.516,130390.0
1754421,3.516,130390.0
1754829,3.516,130390.0
1755237,3.516,130390.0
1755645,3.516,130390.0
1756053,3.516,130390.0
1756461,3.516,130390.0
1757277,3.516,130390.0
1757685,3.516,130390.0
1758093,3.516,130390.0
1758501,3.516,130390.0
1758909,3.516,130390.0
1759113,3.516,130390.0
1759521,3.516,130390.0
1759929,3.516,130390.0
1760337,3.516,130390.0
1760745,3.516,130390.0
1761153,3.516,130390.0
1761561,3.516,130390.0
1761969,3.516,130390.0
1762377,3.516,130390.0
1762785,3.516,130390.0
1763193,3.516,130390.0
1763601,3.516,130390.0
1764009,3.516,130390.0
1764417,3.516,130390.0
1764825,3.516,130390.0
1765233,3.516,130390.0
1765641,3.516,130390.0
1766049,3.516,130390.0
1766457,3.516,130390.0
1766865,3.516,130390.0
1767273,3.516,130390.0
1767681,3.516,130390.0
